,state_abbrev,fips_state,fips_county,fips_combined,county_shortnm,population
0,CA,06,075,06075,San Francisco,884
1,MA,25,025,25025,Suffolk,797
2,NE,31,007,31007,Banner,0
3,NC,37,181,37181,Vance,44
4,TX,48,421,48421,Sherman,3
5,VT,50,011,50011,Franklin,49
6,VA,51,680,51680,Lynchburg,80
7,AR,05,099,05099,Nevada,8
8,CO,08,014,08014,Broomfield,68
9,ID,16,065,16065,Madison,39
10,IL,17,027,17027,Clinton,37
11,IA,19,025,19025,Calhoun,9
12,KY,21,129,21129,Lee,6
13,LA,22,063,22063,Livingston,138
14,NE,31,097,31097,Johnson,5
15,NE,31,101,31101,Keith,8
16,VA,51,775,51775,Salem,25
17,TX,48,493,48493,Wilson,49
18,TX,48,115,48115,Dawson,12
19,SD,46,051,46051,Grant,7
20,AR,05,067,05067,Jackson,17
21,VA,51,670,51670,Hopewell,22
22,SD,46,003,46003,Aurora,2
23,IN,18,031,18031,Decatur,26
24,IN,18,169,18169,Wabash,31
25,IA,19,161,19161,Sac,9
26,NC,37,107,37107,Lenoir,56
27,MO,29,055,29055,Crawford,24
28,NE,31,105,31105,Kimball,3
29,CO,08,045,08045,Garfield,59
30,IL,17,067,17067,Hancock,18
31,MN,27,173,27173,Yellow Medicine,9
32,NE,31,145,31145,Red Willow,10
33,GA,13,089,13089,DeKalb,753
34,SC,45,077,45077,Pickens,123
35,KS,20,131,20131,Nemaha,10
36,AR,05,111,05111,Poinsett,24
37,IL,17,175,17175,Stark,5
38,NC,37,147,37147,Pitt,179
39,IA,19,147,19147,Palo Alto,9
40,IA,19,081,19081,Hancock,10
41,MO,29,229,29229,Wright,18
42,NE,31,073,31073,Gosper,2
43,ND,38,043,38043,Kidder,2
44,OK,40,015,40015,Caddo,29
45,PA,42,075,42075,Lebanon,139
46,TX,48,069,48069,Castro,7
47,TX,48,279,48279,Lamb,13
48,TX,48,385,48385,Real,3
49,WI,55,141,55141,Wood,73
50,WI,55,099,55099,Price,13
51,NM,35,057,35057,Torrance,15
52,MI,26,107,26107,Mecosta,43
53,MO,29,003,29003,Andrew,17
54,PA,42,097,42097,Northumberland,92
55,IL,17,141,17141,Ogle,51
56,FL,12,091,12091,Okaloosa,202
57,IL,17,075,17075,Iroquois,27
58,IA,19,059,19059,Dickinson,17
59,KS,20,129,20129,Morton,2
60,MS,28,153,28153,Wayne,20
61,NY,36,073,36073,Orleans,40
62,NY,36,003,36003,Allegany,46
63,VA,51,009,51009,Amherst,31
64,GA,13,267,13267,Tattnall,25
65,ID,16,053,16053,Jerome,23
66,NY,36,039,36039,Greene,47
67,MI,26,077,26077,Kalamazoo,262
68,MI,26,123,26123,Newaygo,48
69,KS,20,073,20073,Greenwood,6
70,NE,31,035,31035,Clay,6
71,NE,31,011,31011,Boone,5
72,NC,37,081,37081,Guilford,526
73,SD,46,061,46061,Hanson,3
74,VT,50,015,50015,Lamoille,25
75,WI,55,069,55069,Lincoln,27
76,TN,47,091,47091,Johnson,17
77,IA,19,145,19145,Page,15
78,CO,08,119,08119,Teller,24
79,MO,29,139,29139,Montgomery,11
80,LA,22,127,22127,Winn,14
81,ID,16,041,16041,Franklin,13
82,IA,19,007,19007,Appanoose,12
83,KS,20,157,20157,Republic,4
84,MI,26,101,26101,Manistee,24
85,MN,27,047,27047,Freeborn,30
86,OH,39,093,39093,Lorain,307
87,TN,47,139,47139,Polk,16
88,TX,48,359,48359,Oldham,2
89,KY,21,191,21191,Pendleton,14
90,IL,17,137,17137,Morgan,33
91,IA,19,169,19169,Story,97
92,MI,26,065,26065,Ingham,290
93,MS,28,127,28127,Simpson,26
94,MS,28,035,28035,Forrest,75
95,NH,33,001,33001,Belknap,60
96,OH,39,055,39055,Geauga,93
97,SC,45,059,45059,Laurens,66
98,SD,46,097,46097,Miner,2
99,TX,48,127,48127,Dimmit,10
100,TX,48,305,48305,Lynn,5
101,TX,48,171,48171,Gillespie,26
102,VA,51,097,51097,King and Queen,7
103,IL,17,003,17003,Alexander,6
104,TN,47,173,47173,Union,19
105,IN,18,005,18005,Bartholomew,82
106,OK,40,031,40031,Comanche,121
107,MO,29,195,29195,Saline,22
108,AL,01,023,01023,Choctaw,12
109,GA,13,061,13061,Clay,2
110,IN,18,091,18091,LaPorte,110
111,IN,18,171,18171,Warren,8
112,MI,26,029,26029,Charlevoix,26
113,NE,31,181,31181,Webster,3
114,OH,39,087,39087,Lawrence,60
115,VA,51,099,51099,King George,26
116,AR,05,037,05037,Cross,16
117,FL,12,095,12095,Orange,1348
118,IL,17,143,17143,Peoria,183
119,IN,18,105,18105,Monroe,146
120,KS,20,061,20061,Geary,33
121,MS,28,141,28141,Tishomingo,19
122,NE,31,059,31059,Fillmore,5
123,PA,42,025,42025,Carbon,63
124,TX,48,461,48461,Upton,3
125,TX,48,145,48145,Falls,17
126,TX,48,307,48307,McCulloch,7
127,WI,55,025,55025,Dane,536
128,WI,55,049,55049,Iowa,23
129,TN,47,043,47043,Dickson,52
130,MI,26,037,26037,Clinton,78
131,IA,19,047,19047,Crawford,17
132,KS,20,011,20011,Bourbon,14
133,KS,20,051,20051,Ellis,28
134,FL,12,049,12049,Hardee,27
135,OK,40,059,40059,Harper,3
136,RI,44,001,44001,Bristol,48
137,CO,08,081,08081,Moffat,13
138,MI,26,103,26103,Marquette,66
139,OH,39,003,39003,Allen,103
140,KY,21,019,21019,Boyd,47
141,VA,51,093,51093,Isle of Wight,36
142,KY,21,037,21037,Campbell,92
143,FL,12,107,12107,Putnam,73
144,GA,13,133,13133,Greene,17
145,NM,35,019,35019,Guadalupe,4
146,IN,18,181,18181,White,24
147,IA,19,123,19123,Mahaska,22
148,IA,19,035,19035,Cherokee,11
149,KY,21,157,21157,Marshall,31
150,IN,18,085,18085,Kosciusko,79
151,OH,39,059,39059,Guernsey,39
152,TN,47,049,47049,Fentress,18
153,TN,47,007,47007,Bledsoe,14
154,TX,48,247,48247,Jim Hogg,5
155,WI,55,027,55027,Dodge,87
156,WI,55,011,55011,Buffalo,13
157,TX,48,353,48353,Nolan,14
158,AL,01,053,01053,Escambia,37
159,WI,55,015,55015,Calumet,50
160,MN,27,105,27105,Nobles,21
161,MN,27,153,27153,Todd,24
162,MO,29,039,29039,Cedar,14
163,NC,37,093,37093,Hoke,54
164,IL,17,009,17009,Brown,6
165,IL,17,187,17187,Warren,17
166,IL,17,071,17071,Henderson,6
167,MI,26,139,26139,Ottawa,286
168,MO,29,129,29129,Mercer,3
169,TX,48,147,48147,Fannin,34
170,VA,51,139,51139,Page,23
171,WI,55,105,55105,Rock,162
172,AR,05,101,05101,Newton,7
173,CO,08,087,08087,Morgan,28
174,GA,13,243,13243,Randolph,7
175,NC,37,195,37195,Wilson,81
176,IA,19,021,19021,Buena Vista,20
177,KY,21,119,21119,Knott,15
178,LA,22,093,22093,St. James,21
179,IN,18,179,18179,Wells,27
180,KS,20,165,20165,Rush,3
181,NJ,34,013,34013,Essex,808
182,VA,51,036,51036,Charles City,7
183,SC,45,063,45063,Lexington,290
184,TN,47,145,47145,Roane,53
185,SC,45,011,45011,Barnwell,21
186,WI,55,047,55047,Green Lake,18
187,UT,49,013,49013,Duchesne,20
188,SC,45,023,45023,Chester,32
189,MS,28,009,28009,Benton,8
190,KY,21,065,21065,Estill,14
191,GA,13,129,13129,Gordon,57
192,NE,31,127,31127,Nemaha,6
193,AR,05,009,05009,Boone,37
194,FL,12,009,12009,Brevard,589
195,FL,12,015,12015,Charlotte,182
196,KS,20,119,20119,Meade,4
197,KS,20,125,20125,Montgomery,32
198,MI,26,149,26149,St. Joseph,60
199,OR,41,027,41027,Hood River,23
200,WV,54,073,54073,Pleasants,7
201,FL,12,067,12067,Lafayette,8
202,IL,17,081,17081,Jefferson,38
203,IN,18,137,18137,Ripley,28
204,KS,20,205,20205,Wilson,8
205,KS,20,171,20171,Scott,4
206,KY,21,215,21215,Spencer,18
207,MI,26,135,26135,Oscoda,8
208,MO,29,007,29007,Audrain,25
209,OR,41,003,41003,Benton,90
210,TX,48,459,48459,Upshur,41
211,TX,48,413,48413,Schleicher,3
212,TN,47,099,47099,Lawrence,43
213,VA,51,181,51181,Surry,6
214,TX,48,151,48151,Fisher,3
215,SC,45,003,45003,Aiken,168
216,TX,48,257,48257,Kaufman,122
217,IN,18,051,18051,Gibson,33
218,MN,27,035,27035,Crow Wing,64
219,KS,20,083,20083,Hodgeman,1
220,OH,39,135,39135,Preble,41
221,GA,13,057,13057,Cherokee,247
222,GA,13,211,13211,Morgan,18
223,NE,31,001,31001,Adams,31
224,MO,29,205,29205,Shelby,6
225,AR,05,109,05109,Pike,10
226,TX,48,221,48221,Hood,58
227,IL,17,087,17087,Johnson,12
228,MO,29,219,29219,Warren,34
229,IL,17,011,17011,Bureau,33
230,NE,31,075,31075,Grant,0
231,KY,21,187,21187,Owen,10
232,OK,40,003,40003,Alfalfa,5
233,IL,17,005,17005,Bond,16
234,ID,16,025,16025,Camas,1
235,TN,47,169,47169,Trousdale,10
236,IL,17,177,17177,Stephenson,45
237,ND,38,057,38057,Mercer,8
238,NY,36,067,36067,Onondaga,465
239,IA,19,193,19193,Woodbury,102
240,ND,38,065,38065,Oliver,1
241,KY,21,075,21075,Fulton,6
242,IA,19,159,19159,Ringgold,5
243,KY,21,083,21083,Graves,37
244,ID,16,083,16083,Twin Falls,85
245,IA,19,175,19175,Union,12
246,TN,47,065,47065,Hamilton,361
247,WI,55,087,55087,Outagamie,186
248,MD,24,023,24023,Garrett,29
249,IL,17,159,17159,Richland,15
250,MI,26,005,26005,Allegan,116
251,NC,37,129,37129,New Hanover,227
252,KS,20,155,20155,Reno,62
253,IA,19,041,19041,Clay,16
254,NC,37,159,37159,Rowan,140
255,KS,20,199,20199,Wallace,1
256,TX,48,085,48085,Collin,969
257,TX,48,075,48075,Childress,7
258,TX,48,143,48143,Erath,41
259,KS,20,031,20031,Coffey,8
260,IA,19,073,19073,Greene,8
261,KS,20,207,20207,Woodson,3
262,IA,19,189,19189,Winnebago,10
263,MI,26,057,26057,Gratiot,41
264,KS,20,111,20111,Lyon,33
265,IA,19,195,19195,Worth,7
266,KS,20,133,20133,Neosho,16
267,TX,48,123,48123,DeWitt,20
268,KY,21,143,21143,Lyon,8
269,NC,37,037,37037,Chatham,71
270,KY,21,165,21165,Menifee,6
271,MI,26,085,26085,Lake,12
272,AR,05,045,05045,Faulkner,123
273,NC,37,027,37027,Caldwell,81
274,AR,05,051,05051,Garland,98
275,AR,05,053,05053,Grant,18
276,NY,36,083,36083,Rensselaer,159
277,PA,42,121,42121,Venango,51
278,TX,48,193,48193,Hamilton,8
279,ND,38,067,38067,Pembina,6
280,VA,51,520,51520,Bristol,16
281,NE,31,053,31053,Dodge,36
282,NE,31,027,31027,Cedar,8
283,MO,29,177,29177,Ray,22
284,NC,37,085,37085,Harnett,132
285,NC,37,105,37105,Lee,60
286,WI,55,055,55055,Jefferson,84
287,KY,21,181,21181,Nicholas,7
288,MN,27,043,27043,Faribault,13
289,NC,37,153,37153,Richmond,44
290,KY,21,219,21219,Todd,12
291,IL,17,051,17051,Fayette,21
292,IL,17,053,17053,Ford,13
293,KY,21,233,21233,Webster,13
294,TX,48,129,48129,Donley,3
295,NC,37,057,37057,Davidson,165
296,SD,46,013,46013,Brown,39
297,SC,45,001,45001,Abbeville,24
298,SD,46,125,46125,Turner,8
299,SD,46,005,46005,Beadle,18
300,KY,21,033,21033,Caldwell,12
301,SD,46,103,46103,Pennington,110
302,SD,46,039,46039,Deuel,4
303,SC,45,015,45015,Berkeley,217
304,TX,48,019,48019,Bandera,22
305,PA,42,023,42023,Cameron,4
306,TN,47,063,47063,Hamblen,64
307,SC,45,027,45027,Clarendon,34
308,SD,46,087,46087,McCook,5
309,SD,46,073,46073,Jerauld,2
310,SD,46,099,46099,Minnehaha,188
311,IL,17,063,17063,Grundy,50
312,UT,49,005,49005,Cache,124
313,MN,27,079,27079,Le Sueur,28
314,VA,51,003,51003,Albemarle,107
315,TN,47,135,47135,Perry,7
316,TN,47,147,47147,Robertson,70
317,MO,29,009,29009,Barry,35
318,VA,51,037,51037,Charlotte,12
319,TN,47,179,47179,Washington,127
320,WI,55,107,55107,Rusk,14
321,VA,51,013,51013,Arlington,234
322,SC,45,079,45079,Richland,411
323,VA,51,065,51065,Fluvanna,26
324,VA,51,043,51043,Clarke,14
325,OR,41,067,41067,Washington,588
326,MN,27,103,27103,Nicollet,33
327,MN,27,107,27107,Norman,6
328,MN,27,117,27117,Pipestone,9
329,TX,48,055,48055,Caldwell,42
330,VA,51,103,51103,Lancaster,10
331,OR,41,031,41031,Jefferson,23
332,MO,29,043,29043,Christian,85
333,MO,29,057,29057,Dade,7
334,PA,42,053,42053,Forest,7
335,IL,17,017,17017,Cass,12
336,KS,20,055,20055,Finney,37
337,KS,20,093,20093,Kearny,3
338,ID,16,051,16051,Jefferson,28
339,GA,13,321,13321,Worth,20
340,NE,31,091,31091,Hooker,0
341,TX,48,111,48111,Dallam,7
342,PA,42,069,42069,Lackawanna,210
343,PA,42,083,42083,McKean,41
344,MO,29,125,29125,Maries,8
345,TN,47,107,47107,McMinn,52
346,PA,42,093,42093,Montour,18
347,OH,39,007,39007,Ashtabula,97
348,NE,31,087,31087,Hitchcock,2
349,MO,29,011,29011,Barton,11
350,ND,38,017,38017,Cass,177
351,NJ,34,019,34019,Hunterdon,125
352,NC,37,171,37171,Surry,72
353,VA,51,167,51167,Russell,27
354,NM,35,021,35021,Harding,0
355,MN,27,151,27151,Swift,9
356,WI,55,067,55067,Langlade,19
357,NE,31,157,31157,Scotts Bluff,36
358,NM,35,041,35041,Roosevelt,18
359,MN,27,097,27097,Morrison,33
360,VA,51,630,51630,Fredericksburg,28
361,ND,38,003,38003,Barnes,10
362,VA,51,660,51660,Harrisonburg,54
363,KS,20,013,20013,Brown,9
364,WY,56,045,56045,Weston,6
365,FL,12,115,12115,Sarasota,419
366,IL,17,135,17135,Montgomery,28
367,MN,27,017,27017,Carlton,35
368,MN,27,057,27057,Hubbard,21
369,ND,38,101,38101,Ward,68
370,MN,27,007,27007,Beltrami,46
371,MN,27,001,27001,Aitkin,15
372,MI,26,031,26031,Cheboygan,25
373,MI,26,035,26035,Clare,30
374,IN,18,001,18001,Adams,35
375,AL,01,021,01021,Chilton,44
376,AR,05,127,05127,Scott,10
377,IA,19,029,19029,Cass,13
378,VA,51,840,51840,Winchester,27
379,KS,20,003,20003,Anderson,7
380,OH,39,099,39099,Mahoning,229
381,IA,19,039,19039,Clarke,9
382,IN,18,111,18111,Newton,14
383,IA,19,055,19055,Delaware,17
384,AR,05,149,05149,Yell,21
385,OH,39,109,39109,Miami,105
386,TX,48,283,48283,La Salle,7
387,IA,19,069,19069,Franklin,10
388,IL,17,113,17113,McLean,172
389,TX,48,311,48311,McMullen,0
390,OH,39,119,39119,Muskingum,86
391,OH,39,121,39121,Noble,14
392,KS,20,193,20193,Thomas,7
393,IA,19,101,19101,Jefferson,18
394,CO,08,105,08105,Rio Grande,11
395,IA,19,125,19125,Marion,33
396,TX,48,381,48381,Randall,134
397,IA,19,149,19149,Plymouth,25
398,GA,13,081,13081,Crisp,22
399,IA,19,129,19129,Mills,15
400,TX,48,399,48399,Runnels,10
401,KY,21,227,21227,Warren,128
402,GA,13,103,13103,Effingham,59
403,IA,19,185,19185,Wayne,6
404,TX,48,445,48445,Terry,12
405,OH,39,155,39155,Trumbull,200
406,IL,17,035,17035,Cumberland,10
407,GA,13,153,13153,Houston,153
408,TX,48,463,48463,Uvalde,27
409,OH,39,025,39025,Clermont,204
410,TX,48,483,48483,Wheeler,5
411,GA,13,231,13231,Pike,18
412,OH,39,027,39027,Clinton,42
413,GA,13,117,13117,Forsyth,227
414,GA,13,113,13113,Fayette,112
415,GA,13,177,13177,Lee,29
416,TX,48,303,48303,Lubbock,305
417,TX,48,285,48285,Lavaca,20
418,TX,48,321,48321,Matagorda,36
419,AR,05,025,05025,Cleveland,8
420,MN,27,093,27093,Meeker,23
421,OH,39,071,39071,Highland,42
422,CO,08,091,08091,Ouray,4
423,TX,48,397,48397,Rockwall,96
424,OH,39,005,39005,Ashland,53
425,ID,16,027,16027,Canyon,216
426,TX,48,429,48429,Stephens,9
427,NE,31,005,31005,Arthur,0
428,MS,28,147,28147,Walthall,14
429,MO,29,159,29159,Pettis,42
430,MN,27,121,27121,Pope,10
431,TX,48,363,48363,Palo Pinto,28
432,GA,13,307,13307,Webster,2
433,OK,40,115,40115,Ottawa,31
434,GA,13,189,13189,McDuffie,21
435,GA,13,175,13175,Laurens,47
436,WI,55,083,55083,Oconto,37
437,WI,55,125,55125,Vilas,21
438,WI,55,129,55129,Washburn,15
439,FL,12,031,12031,Duval,937
440,OH,39,129,39129,Pickaway,57
441,OH,39,131,39131,Pike,28
442,SD,46,095,46095,Mellette,2
443,SD,46,119,46119,Sully,1
444,OH,39,049,39049,Franklin,1291
445,MO,29,199,29199,Scotland,4
446,NC,37,103,37103,Jones,9
447,TX,48,029,48029,Bexar,1958
448,TX,48,281,48281,Lampasas,21
449,FL,12,121,12121,Suwannee,44
450,WA,53,031,53031,Jefferson,31
451,GA,13,019,13019,Berrien,19
452,WY,56,041,56041,Uinta,20
453,GA,13,065,13065,Clinch,6
454,AL,01,093,01093,Marion,29
455,WV,54,093,54093,Tucker,6
456,VA,51,580,51580,Covington,5
457,TN,47,035,47035,Cumberland,59
458,IL,17,171,17171,Scott,5
459,MI,26,011,26011,Arenac,15
460,MI,26,119,26119,Montmorency,9
461,TX,48,113,48113,Dallas,2618
462,TN,47,047,47047,Fayette,40
463,KS,20,163,20163,Rooks,5
464,MI,26,115,26115,Monroe,149
465,ND,38,019,38019,Cavalier,3
466,IN,18,069,18069,Huntington,36
467,KS,20,053,20053,Ellsworth,6
468,KS,20,045,20045,Douglas,120
469,SD,46,101,46101,Moody,6
470,WV,54,109,54109,Wyoming,21
471,AL,01,007,01007,Bibb,22
472,KY,21,221,21221,Trigg,14
473,ND,38,083,38083,Sheridan,1
474,IA,19,001,19001,Adair,7
475,MS,28,105,28105,Oktibbeha,49
476,TX,48,051,48051,Burleson,18
477,OK,40,001,40001,Adair,21
478,MS,28,109,28109,Pearl River,55
479,VA,51,550,51550,Chesapeake,240
480,IA,19,183,19183,Washington,22
481,MS,28,065,28065,Jefferson Davis,11
482,IA,19,087,19087,Henry,19
483,LA,22,091,22091,St. Helena,10
484,IN,18,097,18097,Marion,950
485,IN,18,107,18107,Montgomery,38
486,OH,39,091,39091,Logan,45
487,VA,51,770,51770,Roanoke,99
488,IA,19,115,19115,Louisa,11
489,WI,55,077,55077,Marquette,15
490,KS,20,065,20065,Graham,2
491,ID,16,061,16061,Lewis,3
492,KS,20,101,20101,Lane,1
493,KS,20,123,20123,Mitchell,6
494,LA,22,021,22021,Caldwell,9
495,LA,22,027,22027,Claiborne,15
496,WI,55,043,55043,Grant,51
497,VA,51,131,51131,Northampton,11
498,NC,37,029,37029,Camden,10
499,MO,29,017,29017,Bollinger,12
500,VA,51,720,51720,Norton,3
501,VA,51,830,51830,Williamsburg,15
502,MO,29,091,29091,Howell,40
503,MO,29,093,29093,Iron,10
504,LA,22,067,22067,Morehouse,25
505,VA,51,800,51800,Suffolk,90
506,MO,29,223,29223,Wayne,13
507,TX,48,383,48383,Reagan,3
508,TX,48,411,48411,San Saba,5
509,CO,08,043,08043,Fremont,47
510,TX,48,475,48475,Ward,11
511,TX,48,253,48253,Jones,19
512,TX,48,319,48319,Mason,4
513,TX,48,335,48335,Mitchell,8
514,CO,08,035,08035,Douglas,335
515,TX,48,433,48433,Stonewall,1
516,OK,40,051,40051,Grady,54
517,OK,40,017,40017,Canadian,139
518,OK,40,027,40027,Cleveland,279
519,NY,36,041,36041,Hamilton,4
520,NY,36,023,36023,Cortland,47
521,NE,31,071,31071,Garfield,2
522,NY,36,057,36057,Montgomery,49
523,NY,36,053,36053,Madison,70
524,TX,48,313,48313,Madison,14
525,NY,36,017,36017,Chenango,47
526,TX,48,477,48477,Washington,35
527,TX,48,291,48291,Liberty,83
528,AL,01,103,01103,Morgan,118
529,WV,54,009,54009,Brooke,22
530,OH,39,053,39053,Gallia,29
531,AL,01,133,01133,Winston,23
532,AL,01,131,01131,Wilcox,10
533,AL,01,107,01107,Pickens,20
534,WV,54,059,54059,Mingo,24
535,WV,54,065,54065,Morgan,17
536,AR,05,043,05043,Drew,18
537,MS,28,119,28119,Quitman,7
538,MO,29,063,29063,DeKalb,12
539,MO,29,171,29171,Putnam,4
540,MT,30,091,30091,Sheridan,3
541,WV,54,091,54091,Taylor,16
542,FL,12,005,12005,Bay,183
543,WV,54,005,54005,Boone,22
544,MS,28,091,28091,Marion,25
545,NE,31,063,31063,Frontier,2
546,AL,01,083,01083,Limestone,94
547,FL,12,013,12013,Calhoun,14
548,FL,12,117,12117,Seminole,462
549,GA,13,205,13205,Mitchell,22
550,MS,28,023,28023,Clarke,15
551,SD,46,045,46045,Edmunds,3
552,MS,28,085,28085,Lincoln,34
553,GA,13,131,13131,Grady,24
554,IN,18,135,18135,Randolph,24
555,MN,27,111,27111,Otter Tail,58
556,VA,51,073,51073,Gloucester,37
557,DE,10,001,10001,Kent,176
558,VA,51,127,51127,New Kent,21
559,KS,20,195,20195,Trego,2
560,AR,05,137,05137,Stone,12
561,NC,37,043,37043,Clay,11
562,NC,37,133,37133,Onslow,193
563,GA,13,143,13143,Haralson,29
564,MS,28,005,28005,Amite,12
565,KS,20,041,20041,Dickinson,18
566,NE,31,151,31151,Saline,14
567,TN,47,037,47037,Davidson,691
568,AL,01,017,01017,Chambers,33
569,OR,41,023,41023,Grant,7
570,KY,21,093,21093,Hardin,108
571,GA,13,181,13181,Lincoln,7
572,OK,40,151,40151,Woods,9
573,GA,13,235,13235,Pulaski,11
574,KY,21,113,21113,Jessamine,53
575,VA,51,600,51600,Fairfax,24
576,TX,48,235,48235,Irion,1
577,MI,26,095,26095,Luce,6
578,IA,19,003,19003,Adams,3
579,AZ,04,011,04011,Greenlee,9
580,MS,28,157,28157,Wilkinson,8
581,AL,01,055,01055,Etowah,102
582,GA,13,207,13207,Monroe,27
583,KS,20,151,20151,Pratt,9
584,NE,31,185,31185,York,13
585,OK,40,047,40047,Garfield,61
586,WV,54,051,54051,Marshall,31
587,IN,18,177,18177,Wayne,66
588,NE,31,123,31123,Morrill,4
589,MS,28,003,28003,Alcorn,37
590,OH,39,171,39171,Williams,36
591,TX,48,195,48195,Hansford,5
592,MI,26,049,26049,Genesee,407
593,MI,26,079,26079,Kalkaska,17
594,TN,47,067,47067,Hancock,6
595,ND,38,069,38069,Pierce,4
596,PA,42,125,42125,Washington,207
597,AR,05,141,05141,Van Buren,16
598,IN,18,045,18045,Fountain,16
599,MS,28,019,28019,Choctaw,8
600,VA,51,690,51690,Martinsville,13
601,GA,13,191,13191,McIntosh,14
602,TX,48,255,48255,Karnes,15
603,OH,39,097,39097,Madison,44
604,MO,29,013,29013,Bates,16
605,TX,48,301,48301,Loving,0
606,IN,18,055,18055,Greene,32
607,KS,20,141,20141,Osborne,3
608,MO,29,075,29075,Gentry,6
609,MO,29,051,29051,Cole,76
610,TX,48,131,48131,Duval,11
611,SD,46,019,46019,Butte,10
612,MN,27,099,27099,Mower,39
613,GA,13,245,13245,Richmond,201
614,IL,17,033,17033,Crawford,18
615,NH,33,017,33017,Strafford,128
616,OK,40,105,40105,Nowata,10
617,AL,01,031,01031,Coffee,51
618,GA,13,221,13221,Oglethorpe,14
619,IN,18,133,18133,Putnam,37
620,MN,27,013,27013,Blue Earth,66
621,NV,32,029,32029,Storey,4
622,TN,47,133,47133,Overton,22
623,VA,51,678,51678,Lexington,7
624,AL,01,075,01075,Lamar,13
625,MI,26,019,26019,Benzie,17
626,TX,48,045,48045,Briscoe,1
627,IA,19,017,19017,Bremer,24
628,NC,37,025,37025,Cabarrus,206
629,PA,42,113,42113,Sullivan,6
630,WV,54,095,54095,Tyler,8
631,GA,13,023,13023,Bleckley,12
632,IL,17,145,17145,Perry,21
633,IL,17,049,17049,Effingham,34
634,AL,01,059,01059,Franklin,31
635,KS,20,105,20105,Lincoln,3
636,IN,18,151,18151,Steuben,34
637,NC,37,059,37059,Davie,42
638,IA,19,033,19033,Cerro Gordo,43
639,SD,46,111,46111,Sanborn,2
640,OH,39,173,39173,Wood,130
641,GA,13,197,13197,Marion,8
642,WV,54,015,54015,Clay,8
643,VA,51,185,51185,Tazewell,41
644,IA,19,135,19135,Monroe,7
645,IA,19,191,19191,Winneshiek,20
646,ND,38,103,38103,Wells,4
647,NC,37,165,37165,Scotland,35
648,TX,48,047,48047,Brooks,7
649,TX,48,139,48139,Ellis,173
650,NC,37,111,37111,McDowell,45
651,KS,20,189,20189,Stevens,5
652,MO,29,151,29151,Osage,13
653,TX,48,219,48219,Hockley,23
654,WI,55,121,55121,Trempealeau,29
655,MO,29,153,29153,Ozark,9
656,NE,31,067,31067,Gage,21
657,OH,39,141,39141,Ross,77
658,IA,19,141,19141,O'Brien,13
659,SD,46,007,46007,Bennett,3
660,WV,54,087,54087,Roane,14
661,OK,40,011,40011,Blaine,9
662,KS,20,025,20025,Clark,2
663,AL,01,121,01121,Talladega,80
664,KY,21,115,21115,Johnson,22
665,SD,46,121,46121,Todd,10
666,TX,48,007,48007,Aransas,25
667,GA,13,085,13085,Dawson,24
668,IA,19,157,19157,Poweshiek,18
669,TX,48,159,48159,Franklin,10
670,IN,18,047,18047,Franklin,22
671,KY,21,027,21027,Breckinridge,20
672,GA,13,159,13159,Jasper,13
673,TX,48,165,48165,Gaines,20
674,TX,48,211,48211,Hemphill,4
675,IA,19,037,19037,Chickasaw,12
676,SC,45,083,45083,Spartanburg,306
677,IA,19,095,19095,Iowa,16
678,OK,40,133,40133,Seminole,24
679,MN,27,155,27155,Traverse,3
680,IN,18,059,18059,Hancock,74
681,CA,06,087,06087,Santa Cruz,275
682,AR,05,011,05011,Bradley,10
683,IA,19,171,19171,Tama,17
684,VA,51,031,51031,Campbell,55
685,WI,55,001,55001,Adams,19
686,NC,37,179,37179,Union,231
687,IN,18,165,18165,Vermillion,15
688,ND,38,011,38011,Bowman,3
689,CA,06,031,06031,Kings,150
690,KY,21,123,21123,Larue,14
691,OK,40,125,40125,Pottawatomie,72
692,MN,27,129,27129,Renville,14
693,KS,20,169,20169,Saline,54
694,OK,40,077,40077,Latimer,10
695,IA,19,109,19109,Kossuth,14
696,PA,42,001,42001,Adams,102
697,IN,18,065,18065,Henry,48
698,SD,46,067,46067,Hutchinson,7
699,WI,55,119,55119,Taylor,20
700,GA,13,095,13095,Dougherty,89
701,KY,21,039,21039,Carlisle,4
702,GA,13,157,13157,Jackson,67
703,IN,18,131,18131,Pulaski,12
704,SD,46,102,46102,Oglala Lakota,14
705,VA,51,683,51683,Manassas,41
706,KS,20,167,20167,Russell,6
707,TX,48,205,48205,Hartley,5
708,CO,08,033,08033,Dolores,2
709,MD,24,011,24011,Caroline,33
710,IA,19,011,19011,Benton,25
711,IL,17,189,17189,Washington,14
712,NC,37,151,37151,Randolph,143
713,TX,48,087,48087,Collingsworth,2
714,KS,20,035,20035,Cowley,35
715,ND,38,039,38039,Griggs,2
716,AR,05,057,05057,Hempstead,21
717,VA,51,530,51530,Buena Vista,6
718,MI,26,133,26133,Osceola,23
719,TX,48,153,48153,Floyd,5
720,SD,46,079,46079,Lake,12
721,SD,46,027,46027,Clay,13
722,PA,42,037,42037,Columbia,65
723,VA,51,540,51540,Charlottesville,48
724,VA,51,033,51033,Caroline,30
725,MN,27,133,27133,Rock,9
726,MO,29,053,29053,Cooper,17
727,KS,20,147,20147,Phillips,5
728,NV,32,011,32011,Eureka,1
729,ND,38,031,38031,Foster,3
730,MO,29,145,29145,Newton,58
731,VA,51,640,51640,Galax,6
732,NC,37,083,37083,Halifax,51
733,KS,20,159,20159,Rice,9
734,IN,18,087,18087,LaGrange,39
735,FL,12,085,12085,Martin,159
736,IL,17,129,17129,Menard,12
737,OH,39,143,39143,Sandusky,59
738,IL,17,191,17191,Wayne,16
739,TX,48,011,48011,Armstrong,1
740,MN,27,131,27131,Rice,65
741,NM,35,009,35009,Curry,49
742,MO,29,115,29115,Linn,12
743,MN,27,125,27125,Red Lake,4
744,UT,49,041,49041,Sevier,21
745,GA,13,047,13047,Catoosa,66
746,WI,55,045,55045,Green,36
747,NV,32,009,32009,Esmeralda,0
748,KS,20,085,20085,Jackson,13
749,NC,37,197,37197,Yadkin,37
750,KS,20,161,20161,Riley,74
751,WI,55,019,55019,Clark,34
752,NE,31,051,31051,Dixon,5
753,CO,08,013,08013,Boulder,322
754,TX,48,495,48495,Winkler,7
755,TX,48,263,48263,Kent,0
756,PA,42,115,42115,Susquehanna,40
757,NY,36,107,36107,Tioga,48
758,MS,28,159,28159,Winston,18
759,MO,29,211,29211,Sullivan,6
760,MS,28,031,28031,Covington,19
761,GA,13,287,13287,Turner,7
762,NE,31,133,31133,Pawnee,2
763,NY,36,121,36121,Wyoming,40
764,IA,19,155,19155,Pottawattamie,93
765,LA,22,105,22105,Tangipahoa,132
766,ME,23,027,23027,Waldo,39
767,MD,24,005,24005,Baltimore,832
768,MI,26,007,26007,Alpena,28
769,MI,26,017,26017,Bay,104
770,MN,27,119,27119,Polk,31
771,MO,29,227,29227,Worth,2
772,NE,31,033,31033,Cheyenne,9
773,NV,32,033,32033,White Pine,9
774,NY,36,079,36079,Putnam,99
775,NY,36,101,36101,Steuben,96
776,OH,39,105,39105,Meigs,23
777,SC,45,007,45007,Anderson,198
778,FL,12,047,12047,Hamilton,14
779,IA,19,061,19061,Dubuque,97
780,AL,01,041,01041,Crenshaw,13
781,TX,48,379,48379,Rains,11
782,TX,48,093,48093,Comanche,13
783,GA,13,193,13193,Macon,13
784,TX,48,437,48437,Swisher,7
785,GA,13,225,13225,Peach,27
786,MO,29,510,29510,St. Louis,308
787,KS,20,007,20007,Barber,4
788,IA,19,197,19197,Wright,12
789,VA,51,145,51145,Powhatan,28
790,MS,28,087,28087,Lowndes,59
791,ND,38,045,38045,LaMoure,4
792,ID,16,017,16017,Bonner,43
793,MI,26,163,26163,Wayne,1753
794,TX,48,017,48017,Bailey,7
795,KS,20,117,20117,Marshall,9
796,LA,22,001,22001,Acadia,62
797,MT,30,101,30101,Toole,4
798,KS,20,097,20097,Kiowa,2
799,WI,55,111,55111,Sauk,63
800,IA,19,151,19151,Pocahontas,6
801,OK,40,087,40087,McClain,39
802,IL,17,101,17101,Lawrence,16
803,TX,48,375,48375,Potter,120
804,TN,47,121,47121,Meigs,12
805,KY,21,095,21095,Harlan,26
806,MD,24,047,24047,Worcester,51
807,TX,48,497,48497,Wise,66
808,VA,51,183,51183,Sussex,11
809,ND,38,097,38097,Traill,8
810,KY,21,189,21189,Owsley,4
811,IL,17,065,17065,Hamilton,8
812,TX,48,025,48025,Bee,32
813,WY,56,021,56021,Laramie,98
814,WY,56,019,56019,Johnson,8
815,TX,48,053,48053,Burnet,46
816,IN,18,063,18063,Hendricks,163
817,NC,37,199,37199,Yancey,17
818,AR,05,027,05027,Columbia,23
819,AR,05,031,05031,Craighead,107
820,TX,48,163,48163,Frio,19
821,NC,37,109,37109,Lincoln,82
822,IL,17,057,17057,Fulton,35
823,NC,37,047,37047,Columbus,55
824,TX,48,237,48237,Jack,8
825,CO,08,095,08095,Phillips,4
826,IA,19,113,19113,Linn,224
827,GA,13,219,13219,Oconee,38
828,GA,13,273,13273,Terrell,8
829,MN,27,149,27149,Stevens,9
830,MN,27,141,27141,Sherburne,94
831,OH,39,057,39057,Greene,166
832,UT,49,027,49027,Millard,12
833,MI,26,091,26091,Lenawee,98
834,MI,26,129,26129,Ogemaw,20
835,ND,38,037,38037,Grant,2
836,IN,18,033,18033,DeKalb,42
837,KS,20,029,20029,Cloud,8
838,IN,18,057,18057,Hamilton,323
839,MO,29,037,29037,Cass,103
840,LA,22,037,22037,East Feliciana,19
841,CO,08,041,08041,El Paso,699
842,MO,29,213,29213,Taney,55
843,VA,51,047,51047,Culpeper,51
844,NC,37,075,37075,Graham,8
845,MO,29,197,29197,Schuyler,4
846,MS,28,039,28039,George,24
847,IA,19,051,19051,Davis,8
848,MS,28,021,28021,Claiborne,8
849,MS,28,163,28163,Yazoo,27
850,ID,16,021,16021,Boundary,11
851,TX,48,173,48173,Glasscock,1
852,NC,37,137,37137,Pamlico,12
853,KY,21,125,21125,Laurel,60
854,WY,56,001,56001,Albany,38
855,KY,21,147,21147,McCreary,17
856,CO,08,027,08027,Custer,4
857,GA,13,075,13075,Cook,17
858,FL,12,033,12033,Escambia,313
859,KY,21,047,21047,Christian,70
860,OR,41,033,41033,Josephine,86
861,SD,46,105,46105,Perkins,2
862,PA,42,101,42101,Philadelphia,1580
863,TX,48,203,48203,Harrison,66
864,VT,50,013,50013,Grand Isle,6
865,WA,53,023,53023,Garfield,2
866,AR,05,095,05095,Monroe,7
867,AR,05,039,05039,Dallas,7
868,CA,06,085,06085,Santa Clara,1938
869,NE,31,125,31125,Nance,3
870,LA,22,061,22061,Lincoln,47
871,NE,31,111,31111,Lincoln,35
872,ND,38,073,38073,Ransom,5
873,OK,40,069,40069,Johnston,11
874,PA,42,021,42021,Cambria,133
875,TN,47,105,47105,Loudon,52
876,TN,47,087,47087,Jackson,11
877,OK,40,075,40075,Kiowa,8
878,OK,40,093,40093,Major,7
879,TX,48,177,48177,Gonzales,20
880,TX,48,133,48133,Eastland,18
881,VA,51,610,51610,Falls Church,14
882,VA,51,173,51173,Smyth,30
883,TX,48,137,48137,Edwards,1
884,CA,06,021,06021,Glenn,28
885,AR,05,129,05129,Searcy,7
886,GA,13,217,13217,Newton,108
887,GA,13,229,13229,Pierce,19
888,ID,16,013,16013,Blaine,22
889,ID,16,085,16085,Valley,10
890,NM,35,051,35051,Sierra,11
891,KS,20,049,20049,Elk,2
892,NM,35,001,35001,Bernalillo,676
893,KY,21,001,21001,Adair,19
894,LA,22,079,22079,Rapides,131
895,ME,23,001,23001,Androscoggin,107
896,MS,28,155,28155,Webster,9
897,KY,21,051,21051,Clay,20
898,MT,30,047,30047,Lake,30
899,MO,29,023,29023,Butler,42
900,NM,35,027,35027,Lincoln,19
901,NC,37,065,37065,Edgecombe,52
902,ND,38,025,38025,Dunn,4
903,PA,42,027,42027,Centre,162
904,TN,47,017,47017,Carroll,27
905,TN,47,119,47119,Maury,92
906,UT,49,035,49035,Salt Lake,1135
907,VA,51,029,51029,Buckingham,17
908,WA,53,061,53061,Snohomish,801
909,TX,48,015,48015,Austin,29
910,WV,54,031,54031,Hardy,13
911,WV,54,083,54083,Randolph,28
912,TX,48,103,48103,Crane,4
913,VA,51,075,51075,Goochland,22
914,TN,47,181,47181,Wayne,16
915,TX,48,059,48059,Callahan,13
916,MI,26,087,26087,Lapeer,88
917,IN,18,049,18049,Fulton,20
918,MN,27,037,27037,Dakota,421
919,MN,27,113,27113,Pennington,14
920,IA,19,091,19091,Humboldt,9
921,MN,27,021,27021,Cass,29
922,OR,41,039,41039,Lane,374
923,MS,28,095,28095,Monroe,35
924,NC,37,079,37079,Greene,21
925,KY,21,235,21235,Whitley,36
926,GA,13,223,13223,Paulding,159
927,NE,31,045,31045,Dawes,8
928,MD,24,009,24009,Calvert,91
929,AZ,04,023,04023,Santa Cruz,46
930,AR,05,003,05003,Ashley,20
931,AR,05,089,05089,Marion,16
932,CT,09,013,09013,Tolland,151
933,CO,08,083,08083,Montezuma,26
934,GA,13,213,13213,Murray,39
935,IL,17,131,17131,Mercer,15
936,IL,17,085,17085,Jo Daviess,21
937,LA,22,017,22017,Caddo,246
938,MI,26,121,26121,Muskegon,173
939,MI,26,131,26131,Ontonagon,5
940,MT,30,081,30081,Ravalli,42
941,NM,35,039,35039,Rio Arriba,39
942,NY,36,055,36055,Monroe,747
943,ND,38,009,38009,Bottineau,6
944,OK,40,035,40035,Craig,14
945,OR,41,009,41009,Columbia,51
946,TX,48,071,48071,Chambers,41
947,UT,49,009,49009,Daggett,1
948,AL,01,045,01045,Dale,49
949,AL,01,125,01125,Tuscaloosa,207
950,AL,01,011,01011,Bullock,10
951,GA,13,289,13289,Twiggs,8
952,CO,08,037,08037,Eagle,54
953,CO,08,097,08097,Pitkin,17
954,GA,13,091,13091,Dodge,20
955,GA,13,187,13187,Lumpkin,32
956,GA,13,035,13035,Butts,24
957,IA,19,179,19179,Wapello,35
958,IA,19,031,19031,Cedar,18
959,MS,28,161,28161,Yalobusha,12
960,MO,29,135,29135,Moniteau,16
961,MI,26,165,26165,Wexford,33
962,NY,36,021,36021,Columbia,60
963,NY,36,011,36011,Cayuga,77
964,CO,08,125,08125,Yuma,10
965,NC,37,063,37063,Durham,311
966,KS,20,067,20067,Grant,7
967,MO,29,201,29201,Scott,38
968,MO,29,137,29137,Monroe,8
969,MO,29,203,29203,Shannon,8
970,OH,39,085,39085,Lake,230
971,NE,31,017,31017,Brown,3
972,NE,31,079,31079,Hall,61
973,ND,38,021,38021,Dickey,4
974,AL,01,039,01039,Covington,37
975,AL,01,019,01019,Cherokee,25
976,WI,55,081,55081,Monroe,45
977,WV,54,097,54097,Upshur,24
978,WI,55,093,55093,Pierce,41
979,VA,51,620,51620,Franklin,8
980,NE,31,147,31147,Richardson,7
981,TX,48,431,48431,Sterling,1
982,UT,49,055,49055,Wayne,2
983,TN,47,001,47001,Anderson,76
984,WI,55,075,55075,Marinette,40
985,IL,17,025,17025,Clay,13
986,IN,18,003,18003,Allen,372
987,MI,26,009,26009,Antrim,23
988,IA,19,043,19043,Clayton,17
989,KS,20,075,20075,Hamilton,2
990,FL,12,081,12081,Manatee,385
991,MS,28,041,28041,Greene,13
992,OH,39,019,39019,Carroll,27
993,MO,29,147,29147,Nodaway,22
994,LA,22,023,22023,Cameron,6
995,MT,30,055,30055,McCone,1
996,LA,22,101,22101,St. Mary,50
997,NE,31,179,31179,Wayne,9
998,ID,16,019,16019,Bonneville,114
999,AR,05,093,05093,Mississippi,42
1000,CO,08,075,08075,Logan,21
1001,GA,13,055,13055,Chattooga,24
1002,IL,17,127,17127,Massac,14
1003,IN,18,115,18115,Ohio,5
1004,KY,21,171,21171,Monroe,10
1005,KS,20,209,20209,Wyandotte,165
1006,ME,23,009,23009,Hancock,54
1007,MI,26,041,26041,Delta,35
1008,MI,26,013,26013,Baraga,8
1009,MS,28,151,28151,Washington,46
1010,MT,30,001,30001,Beaverhead,9
1011,NH,33,019,33019,Sullivan,43
1012,NY,36,013,36013,Chautauqua,129
1013,OK,40,129,40129,Roger Mills,3
1014,TN,47,157,47157,Shelby,936
1015,TX,48,077,48077,Clay,10
1016,WA,53,003,53003,Asotin,22
1017,WI,55,089,55089,Ozaukee,88
1018,VA,51,121,51121,Montgomery,98
1019,AR,05,061,05061,Howard,13
1020,CA,06,107,06107,Tulare,464
1021,CO,08,025,08025,Crowley,5
1022,MN,27,033,27033,Cottonwood,11
1023,MN,27,015,27015,Brown,25
1024,IN,18,041,18041,Fayette,23
1025,NM,35,047,35047,San Miguel,27
1026,KY,21,131,21131,Leslie,10
1027,KY,21,203,21203,Rockcastle,16
1028,LA,22,007,22007,Assumption,22
1029,NY,36,099,36099,Seneca,34
1030,MN,27,143,27143,Sibley,14
1031,MS,28,131,28131,Stone,18
1032,MS,28,129,28129,Smith,16
1033,MO,29,095,29095,Jackson,698
1034,NM,35,061,35061,Valencia,75
1035,NY,36,065,36065,Oneida,231
1036,NC,37,135,37135,Orange,144
1037,MO,29,065,29065,Dent,15
1038,NC,37,121,37121,Mitchell,15
1039,TX,48,057,48057,Calhoun,21
1040,TX,48,003,48003,Andrews,17
1041,VT,50,021,50021,Rutland,59
1042,VA,51,750,51750,Radford,17
1043,WI,55,057,55057,Juneau,26
1044,NC,37,089,37089,Henderson,115
1045,TX,48,287,48287,Lee,17
1046,NC,37,149,37149,Polk,20
1047,WY,56,029,56029,Park,29
1048,AZ,04,017,04017,Navajo,108
1049,AL,01,049,01049,DeKalb,71
1050,VA,51,760,51760,Richmond,227
1051,FL,12,003,12003,Baker,28
1052,TN,47,151,47151,Scott,21
1053,IL,17,157,17157,Randolph,32
1054,CA,06,037,06037,Los Angeles,10163
1055,CA,06,097,06097,Sonoma,504
1056,CA,06,065,06065,Riverside,2423
1057,FL,12,099,12099,Palm Beach,1471
1058,IN,18,083,18083,Knox,37
1059,IN,18,123,18123,Perry,19
1060,KS,20,183,20183,Smith,3
1061,KY,21,041,21041,Carroll,10
1062,IN,18,007,18007,Benton,8
1063,MI,26,151,26151,Sanilac,41
1064,MI,26,003,26003,Alger,9
1065,MS,28,045,28045,Hancock,47
1066,LA,22,031,22031,De Soto,27
1067,ME,23,023,23023,Sagadahoc,35
1068,MT,30,061,30061,Mineral,4
1069,MT,30,019,30019,Daniels,1
1070,NJ,34,039,34039,Union,563
1071,NJ,34,017,34017,Hudson,691
1072,NJ,34,015,34015,Gloucester,292
1073,NC,37,011,37011,Avery,17
1074,OH,39,145,39145,Scioto,75
1075,OH,39,029,39029,Columbiana,103
1076,GA,13,227,13227,Pickens,31
1077,MS,28,103,28103,Noxubee,10
1078,MO,29,181,29181,Ripley,13
1079,MT,30,009,30009,Carbon,10
1080,NE,31,173,31173,Thurston,7
1081,NM,35,006,35006,Cibola,26
1082,OK,40,009,40009,Beckham,21
1083,PA,42,123,42123,Warren,39
1084,OH,39,175,39175,Wyandot,22
1085,AL,01,101,01101,Montgomery,226
1086,VT,50,001,50001,Addison,36
1087,WY,56,003,56003,Big Horn,11
1088,OK,40,143,40143,Tulsa,646
1089,AZ,04,021,04021,Pinal,430
1090,CO,08,079,08079,Mineral,0
1091,GA,13,097,13097,Douglas,143
1092,ID,16,011,16011,Bingham,45
1093,IL,17,089,17089,Kane,534
1094,NC,37,125,37125,Moore,97
1095,IA,19,181,19181,Warren,50
1096,KY,21,081,21081,Grant,24
1097,IA,19,049,19049,Dallas,87
1098,MS,28,133,28133,Sunflower,25
1099,MS,28,125,28125,Sharkey,4
1100,KY,21,167,21167,Mercer,21
1101,MO,29,119,29119,McDonald,22
1102,MT,30,015,30015,Chouteau,5
1103,NE,31,041,31041,Custer,10
1104,NE,31,081,31081,Hamilton,9
1105,OH,39,041,39041,Delaware,200
1106,ND,38,033,38033,Golden Valley,1
1107,PA,42,079,42079,Luzerne,317
1108,PA,42,129,42129,Westmoreland,352
1109,SD,46,017,46017,Buffalo,1
1110,TX,48,041,48041,Brazos,222
1111,VA,51,135,51135,Nottoway,15
1112,VA,51,023,51023,Botetourt,33
1113,AR,05,147,05147,Woodruff,6
1114,WI,55,005,55005,Barron,45
1115,MI,26,127,26127,Oceana,26
1116,MN,27,073,27073,Lac qui Parle,6
1117,OR,41,059,41059,Umatilla,76
1118,VA,51,141,51141,Patrick,17
1119,VA,51,035,51035,Carroll,29
1120,SD,46,037,46037,Day,5
1121,TN,47,129,47129,Morgan,21
1122,VA,51,119,51119,Middlesex,10
1123,IN,18,075,18075,Jay,20
1124,IA,19,053,19053,Decatur,7
1125,IA,19,105,19105,Jones,20
1126,CA,06,041,06041,Marin,260
1127,KY,21,169,21169,Metcalfe,10
1128,OK,40,043,40043,Dewey,4
1129,LA,22,043,22043,Grant,22
1130,ND,38,029,38029,Emmons,3
1131,ND,38,075,38075,Renville,2
1132,OH,39,015,39015,Brown,43
1133,AR,05,133,05133,Sevier,17
1134,CA,06,073,06073,San Diego,3337
1135,CO,08,007,08007,Archuleta,13
1136,FL,12,127,12127,Volusia,538
1137,GA,13,039,13039,Camden,53
1138,IL,17,059,17059,Gallatin,5
1139,GA,13,233,13233,Polk,42
1140,KS,20,107,20107,Linn,9
1141,AZ,04,009,04009,Graham,37
1142,CA,06,029,06029,Kern,893
1143,CO,08,055,08055,Huerfano,6
1144,FL,12,069,12069,Lake,346
1145,FL,12,051,12051,Hendry,40
1146,GA,13,043,13043,Candler,10
1147,IL,17,029,17029,Coles,51
1148,IL,17,093,17093,Kendall,126
1149,NC,37,101,37101,Johnston,196
1150,NC,37,127,37127,Nash,93
1151,OR,41,045,41045,Malheur,30
1152,TX,48,277,48277,Lamar,49
1153,AL,01,087,01087,Macon,18
1154,AL,01,047,01047,Dallas,39
1155,KS,20,077,20077,Harper,5
1156,FL,12,043,12043,Glades,13
1157,CT,09,015,09015,Windham,116
1158,GA,13,309,13309,Wheeler,7
1159,MT,30,043,30043,Jefferson,11
1160,NM,35,033,35033,Mora,4
1161,IN,18,081,18081,Johnson,153
1162,IA,19,165,19165,Shelby,11
1163,KS,20,115,20115,Marion,11
1164,KY,21,025,21025,Breathitt,12
1165,LA,22,073,22073,Ouachita,155
1166,ME,23,019,23019,Penobscot,151
1167,MS,28,115,28115,Pontotoc,31
1168,MS,28,117,28117,Prentiss,25
1169,NE,31,115,31115,Loup,0
1170,NY,36,077,36077,Otsego,60
1171,OH,39,101,39101,Marion,64
1172,ND,38,105,38105,Williams,33
1173,PA,42,107,42107,Schuylkill,142
1174,PA,42,045,42045,Delaware,564
1175,TN,47,033,47033,Crockett,14
1176,TN,47,175,47175,Van Buren,5
1177,TX,48,095,48095,Concho,2
1178,TX,48,355,48355,Nueces,361
1179,PA,42,131,42131,Wyoming,27
1180,TX,48,347,48347,Nacogdoches,65
1181,WA,53,053,53053,Pierce,876
1182,TN,47,027,47027,Clay,7
1183,AL,01,119,01119,Sumter,12
1184,WA,53,027,53027,Grays Harbor,72
1185,WI,55,051,55051,Iron,5
1186,WI,55,033,55033,Dunn,44
1187,TX,48,097,48097,Cooke,39
1188,UT,49,057,49057,Weber,251
1189,VA,51,810,51810,Virginia Beach,450
1190,TN,47,045,47045,Dyer,37
1191,TN,47,041,47041,DeKalb,19
1192,CA,06,043,06043,Mariposa,17
1193,CO,08,103,08103,Rio Blanco,6
1194,FL,12,131,12131,Walton,68
1195,KY,21,005,21005,Anderson,22
1196,MO,29,217,29217,Vernon,20
1197,NE,31,095,31095,Jefferson,7
1198,NE,31,003,31003,Antelope,6
1199,GA,13,105,13105,Elbert,19
1200,NE,31,119,31119,Madison,35
1201,NE,31,089,31089,Holt,10
1202,AL,01,067,01067,Henry,17
1203,CA,06,081,06081,San Mateo,771
1204,FL,12,045,12045,Gulf,16
1205,GA,13,281,13281,Towns,11
1206,ID,16,009,16009,Benewah,9
1207,IL,17,023,17023,Clark,15
1208,IN,18,141,18141,St. Joseph,270
1209,LA,22,103,22103,St. Tammany,256
1210,MD,24,019,24019,Dorchester,32
1211,MA,25,013,25013,Hampden,469
1212,MS,28,093,28093,Marshall,35
1213,MN,27,071,27071,Koochiching,12
1214,MT,30,029,30029,Flathead,100
1215,NJ,34,041,34041,Warren,106
1216,NM,35,055,35055,Taos,32
1217,NY,36,029,36029,Erie,925
1218,OH,39,013,39013,Belmont,68
1219,OR,41,041,41041,Lincoln,48
1220,OH,39,061,39061,Hamilton,813
1221,PA,42,059,42059,Greene,36
1222,KY,21,015,21015,Boone,130
1223,WA,53,029,53029,Island,83
1224,WV,54,003,54003,Berkeley,114
1225,WI,55,031,55031,Douglas,43
1226,AL,01,043,01043,Cullman,82
1227,AL,01,095,01095,Marshall,95
1228,GA,13,111,13111,Fannin,25
1229,KS,20,087,20087,Jefferson,18
1230,IN,18,037,18037,Dubois,42
1231,NY,36,069,36069,Ontario,109
1232,MN,27,005,27005,Becker,34
1233,MO,29,035,29035,Carter,6
1234,NE,31,093,31093,Howard,6
1235,MT,30,079,30079,Prairie,1
1236,MT,30,065,30065,Musselshell,4
1237,NC,37,035,37035,Catawba,157
1238,OH,39,079,39079,Jackson,32
1239,NV,32,015,32015,Lander,5
1240,OR,41,069,41069,Wheeler,1
1241,TN,47,081,47081,Hickman,24
1242,TX,48,207,48207,Haskell,5
1243,PA,42,031,42031,Clarion,38
1244,TX,48,407,48407,San Jacinto,28
1245,ND,38,005,38005,Benson,6
1246,OK,40,039,40039,Custer,28
1247,OR,41,005,41005,Clackamas,412
1248,OR,41,061,41061,Union,26
1249,SD,46,029,46029,Codington,28
1250,SD,46,117,46117,Stanley,3
1251,OK,40,121,40121,Pittsburg,44
1252,TX,48,507,48507,Zavala,11
1253,TX,48,339,48339,Montgomery,570
1254,WA,53,045,53045,Mason,63
1255,TN,47,161,47161,Stewart,13
1256,WY,56,037,56037,Sweetwater,43
1257,SD,46,031,46031,Corson,4
1258,TX,48,175,48175,Goliad,7
1259,WV,54,013,54013,Calhoun,7
1260,WY,56,025,56025,Natrona,79
1261,AR,05,013,05013,Calhoun,5
1262,VA,51,061,51061,Fauquier,69
1263,WI,55,127,55127,Walworth,103
1264,WA,53,011,53011,Clark,474
1265,WI,55,078,55078,Menominee,4
1266,TX,48,067,48067,Cass,30
1267,VA,51,071,51071,Giles,16
1268,IN,18,155,18155,Switzerland,10
1269,VA,51,021,51021,Bland,6
1270,VA,51,510,51510,Alexandria,160
1271,WY,56,009,56009,Converse,13
1272,NM,35,031,35031,McKinley,72
1273,MI,26,027,26027,Cass,51
1274,IN,18,175,18175,Washington,27
1275,NC,37,007,37007,Anson,24
1276,OH,39,011,39011,Auglaize,45
1277,MS,28,139,28139,Tippah,21
1278,MS,28,001,28001,Adams,31
1279,FL,12,101,12101,Pasco,525
1280,KY,21,141,21141,Logan,27
1281,MO,29,109,29109,Lawrence,38
1282,MT,30,041,30041,Hill,16
1283,GA,13,255,13255,Spalding,65
1284,LA,22,009,22009,Avoyelles,40
1285,AR,05,055,05055,Greene,45
1286,CA,06,111,06111,Ventura,854
1287,CA,06,025,06025,Imperial,182
1288,CA,06,017,06017,El Dorado,188
1289,GA,13,083,13083,Dade,16
1290,IL,17,197,17197,Will,692
1291,IN,18,029,18029,Dearborn,49
1292,IA,19,119,19119,Lyon,11
1293,IA,19,167,19167,Sioux,34
1294,MA,25,017,25017,Middlesex,1602
1295,MN,27,091,27091,Martin,19
1296,NH,33,007,33007,Coos,31
1297,NJ,34,023,34023,Middlesex,842
1298,NJ,34,003,34003,Bergen,948
1299,NY,36,063,36063,Niagara,211
1300,OH,39,051,39051,Fulton,42
1301,OK,40,013,40013,Bryan,46
1302,OR,41,015,41015,Curry,22
1303,OR,41,057,41057,Tillamook,26
1304,TX,48,427,48427,Starr,64
1305,VA,51,735,51735,Poquoson,12
1306,LA,22,087,22087,St. Bernard,46
1307,UT,49,023,49023,Juab,11
1308,VT,50,027,50027,Windsor,55
1309,VT,50,017,50017,Orange,28
1310,AL,01,009,01009,Blount,58
1311,AL,01,085,01085,Lowndes,10
1312,CA,06,059,06059,Orange,3190
1313,GA,13,123,13123,Gilmer,30
1314,IL,17,173,17173,Shelby,21
1315,IN,18,149,18149,Starke,22
1316,IN,18,027,18027,Daviess,33
1317,IA,19,121,19121,Madison,16
1318,IA,19,077,19077,Guthrie,10
1319,KS,20,139,20139,Osage,15
1320,KY,21,009,21009,Barren,43
1321,KY,21,099,21099,Hart,18
1322,IL,17,019,17019,Champaign,209
1323,IA,19,103,19103,Johnson,149
1324,IA,19,075,19075,Grundy,12
1325,MO,29,067,29067,Douglas,13
1326,MO,29,001,29001,Adair,25
1327,NE,31,099,31099,Kearney,6
1328,MO,29,005,29005,Atchison,5
1329,NE,31,023,31023,Butler,8
1330,NE,31,009,31009,Blaine,0
1331,NM,35,053,35053,Socorro,16
1332,MI,26,051,26051,Gladwin,25
1333,NY,36,037,36037,Genesee,57
1334,NC,37,189,37189,Watauga,55
1335,IA,19,137,19137,Montgomery,10
1336,CO,08,121,08121,Washington,4
1337,KS,20,127,20127,Morris,5
1338,MS,28,081,28081,Lee,84
1339,MS,28,111,28111,Perry,12
1340,MS,28,029,28029,Copiah,28
1341,KY,21,193,21193,Perry,26
1342,FL,12,055,12055,Highlands,102
1343,GA,13,027,13027,Brooks,15
1344,GA,13,093,13093,Dooly,13
1345,KY,21,173,21173,Montgomery,27
1346,MT,30,025,30025,Fallon,3
1347,WI,55,037,55037,Florence,4
1348,WI,55,091,55091,Pepin,7
1349,WA,53,069,53069,Wahkiakum,4
1350,TX,48,223,48223,Hopkins,36
1351,NE,31,165,31165,Sioux,1
1352,WV,54,089,54089,Summers,12
1353,SD,46,075,46075,Jones,0
1354,TX,48,485,48485,Wichita,132
1355,NY,36,097,36097,Schuyler,18
1356,IA,19,071,19071,Fremont,6
1357,KS,20,187,20187,Stanton,2
1358,KS,20,033,20033,Comanche,1
1359,KY,21,223,21223,Trimble,8
1360,PA,42,103,42103,Pike,55
1361,MO,29,049,29049,Clinton,20
1362,KY,21,117,21117,Kenton,165
1363,MT,30,105,30105,Valley,7
1364,LA,22,115,22115,Vernon,50
1365,MT,30,023,30023,Deer Lodge,9
1366,NE,31,129,31129,Nuckolls,4
1367,SC,45,073,45073,Oconee,77
1368,AR,05,041,05041,Desha,11
1369,AL,01,081,01081,Lee,161
1370,FL,12,109,12109,St. Johns,243
1371,GA,13,053,13053,Chattahoochee,10
1372,GA,13,099,13099,Early,10
1373,GA,13,313,13313,Whitfield,104
1374,IL,17,193,17193,White,13
1375,IN,18,147,18147,Spencer,20
1376,IN,18,089,18089,Lake,485
1377,ID,16,069,16069,Nez Perce,40
1378,MI,26,083,26083,Keweenaw,2
1379,MN,27,027,27027,Clay,63
1380,MT,30,035,30035,Glacier,13
1381,NH,33,009,33009,Grafton,89
1382,NC,37,091,37091,Hertford,23
1383,OR,41,051,41051,Multnomah,807
1384,SC,45,065,45065,McCormick,9
1385,ND,38,071,38071,Ramsey,11
1386,ND,38,061,38061,Mountrail,10
1387,ND,38,055,38055,McLean,9
1388,TX,48,357,48357,Ochiltree,10
1389,WA,53,075,53075,Whitman,49
1390,VA,51,685,51685,Manassas Park,16
1391,CO,08,059,08059,Jefferson,574
1392,GA,13,063,13063,Clayton,285
1393,IN,18,139,18139,Rush,16
1394,IN,18,067,18067,Howard,82
1395,NC,37,061,37061,Duplin,59
1396,KS,20,095,20095,Kingman,7
1397,KY,21,229,21229,Washington,12
1398,KY,21,067,21067,Fayette,321
1399,LA,22,003,22003,Allen,25
1400,MT,30,039,30039,Granite,3
1401,MN,27,095,27095,Mille Lacs,25
1402,MS,28,145,28145,Union,28
1403,KY,21,021,21021,Boyle,29
1404,NM,35,028,35028,Los Alamos,18
1405,NC,37,117,37117,Martin,22
1406,PA,42,091,42091,Montgomery,826
1407,SD,46,041,46041,Dewey,5
1408,TN,47,127,47127,Moore,6
1409,TN,47,189,47189,Wilson,136
1410,TX,48,023,48023,Baylor,3
1411,TX,48,401,48401,Rusk,52
1412,TX,48,065,48065,Carson,6
1413,UT,49,017,49017,Garfield,5
1414,TX,48,027,48027,Bell,347
1415,UT,49,049,49049,Utah,606
1416,WV,54,047,54047,McDowell,18
1417,WA,53,063,53063,Spokane,506
1418,KS,20,181,20181,Sherman,5
1419,UT,49,037,49037,San Juan,15
1420,SD,46,011,46011,Brookings,34
1421,SD,46,071,46071,Jackson,3
1422,TN,47,117,47117,Marshall,32
1423,IA,19,131,19131,Mitchell,10
1424,IL,17,121,17121,Marion,37
1425,LA,22,085,22085,Sabine,24
1426,LA,22,069,22069,Natchitoches,39
1427,GA,13,249,13249,Schley,5
1428,MD,24,015,24015,Cecil,102
1429,TX,48,201,48201,Harris,4652
1430,AR,05,105,05105,Perry,10
1431,VA,51,730,51730,Petersburg,31
1432,TX,48,217,48217,Hill,35
1433,IL,17,083,17083,Jersey,21
1434,CA,06,053,06053,Monterey,437
1435,IN,18,129,18129,Posey,25
1436,CT,09,003,09003,Hartford,895
1437,TX,48,229,48229,Hudspeth,4
1438,MI,26,075,26075,Jackson,158
1439,KS,20,197,20197,Wabaunsee,6
1440,KY,21,145,21145,McCracken,65
1441,MN,27,045,27045,Fillmore,20
1442,KY,21,153,21153,Magoffin,12
1443,MI,26,081,26081,Kent,648
1444,MN,27,055,27055,Houston,18
1445,TX,48,167,48167,Galveston,335
1446,NE,31,153,31153,Sarpy,181
1447,VA,51,179,51179,Stafford,146
1448,NM,35,059,35059,Union,4
1449,OH,39,089,39089,Licking,173
1450,NC,37,191,37191,Wayne,124
1451,CT,09,007,09007,Middlesex,163
1452,IN,18,039,18039,Elkhart,205
1453,KY,21,003,21003,Allen,20
1454,AZ,04,001,04001,Apache,71
1455,IL,17,111,17111,McHenry,309
1456,AZ,04,027,04027,Yuma,207
1457,OK,40,053,40053,Grant,4
1458,OK,40,139,40139,Texas,20
1459,SD,46,021,46021,Campbell,1
1460,NC,37,015,37015,Bertie,19
1461,TN,47,185,47185,White,26
1462,ND,38,015,38015,Burleigh,95
1463,SD,46,063,46063,Harding,1
1464,IA,19,117,19117,Lucas,8
1465,IN,18,025,18025,Crawford,10
1466,TN,47,003,47003,Bedford,48
1467,NM,35,035,35035,Otero,65
1468,IL,17,107,17107,Logan,29
1469,OK,40,145,40145,Wagoner,78
1470,ND,38,085,38085,Sioux,4
1471,NJ,34,005,34005,Burlington,448
1472,KY,21,059,21059,Daviess,100
1473,LA,22,013,22013,Bienville,13
1474,KY,21,205,21205,Rowan,24
1475,TX,48,073,48073,Cherokee,52
1476,LA,22,015,22015,Bossier,127
1477,CA,06,013,06013,Contra Costa,1147
1478,NM,35,045,35045,San Juan,126
1479,IL,17,167,17167,Sangamon,196
1480,ID,16,045,16045,Gem,17
1481,ID,16,075,16075,Payette,23
1482,LA,22,081,22081,Red River,8
1483,ID,16,079,16079,Shoshone,12
1484,IL,17,117,17117,Macoupin,45
1485,IL,17,119,17119,Madison,265
1486,MD,24,017,24017,Charles,159
1487,ID,16,035,16035,Clearwater,8
1488,TN,47,143,47143,Rhea,32
1489,TN,47,069,47069,Hardeman,25
1490,ID,16,087,16087,Washington,10
1491,IL,17,147,17147,Piatt,16
1492,SD,46,023,46023,Charles Mix,9
1493,CA,06,099,06099,Stanislaus,547
1494,TN,47,095,47095,Lake,7
1495,MD,24,025,24025,Harford,252
1496,TN,47,097,47097,Lauderdale,25
1497,SD,46,055,46055,Haakon,1
1498,TN,47,023,47023,Chester,17
1499,TX,48,079,48079,Cochran,2
1500,MD,24,037,24037,St. Mary's,112
1501,KY,21,091,21091,Hancock,8
1502,TX,48,081,48081,Coke,3
1503,MD,24,039,24039,Somerset,25
1504,LA,22,019,22019,Calcasieu,202
1505,MD,24,041,24041,Talbot,37
1506,MD,24,043,24043,Washington,150
1507,PA,42,057,42057,Fulton,14
1508,IA,19,045,19045,Clinton,47
1509,MD,24,510,24510,Baltimore,611
1510,KS,20,001,20001,Allen,12
1511,KS,20,037,20037,Crawford,39
1512,TX,48,089,48089,Colorado,21
1513,TX,48,091,48091,Comal,141
1514,TX,48,099,48099,Coryell,74
1515,TX,48,105,48105,Crockett,3
1516,KY,21,105,21105,Hickman,4
1517,ME,23,007,23007,Franklin,29
1518,IA,19,067,19067,Floyd,15
1519,NC,37,017,37017,Bladen,33
1520,TN,47,149,47149,Rutherford,317
1521,TN,47,153,47153,Sequatchie,14
1522,IL,17,041,17041,Douglas,19
1523,IA,19,085,19085,Harrison,14
1524,KY,21,121,21121,Knox,31
1525,MI,26,059,26059,Hillsdale,45
1526,KY,21,127,21127,Lawrence,15
1527,TN,47,167,47167,Tipton,61
1528,TX,48,119,48119,Delta,5
1529,KY,21,133,21133,Letcher,22
1530,KY,21,135,21135,Lewis,13
1531,LA,22,029,22029,Concordia,19
1532,GA,13,317,13317,Wilkes,9
1533,AR,05,007,05007,Benton,266
1534,IA,19,057,19057,Des Moines,39
1535,MD,24,045,24045,Wicomico,102
1536,NV,32,017,32017,Lincoln,5
1537,SD,46,033,46033,Custer,8
1538,VA,51,710,51710,Norfolk,244
1539,IN,18,143,18143,Scott,23
1540,LA,22,049,22049,Jackson,15
1541,NE,31,019,31019,Buffalo,49
1542,RI,44,007,44007,Providence,637
1543,WV,54,029,54029,Hancock,29
1544,WA,53,059,53059,Skamania,11
1545,OR,41,013,41013,Crook,23
1546,MN,27,031,27031,Cook,5
1547,MO,29,041,29041,Chariton,7
1548,VA,51,111,51111,Lunenburg,12
1549,PA,42,047,42047,Elk,30
1550,MO,29,131,29131,Miller,25
1551,MT,30,075,30075,Powder River,1
1552,AL,01,057,01057,Fayette,16
1553,OR,41,029,41029,Jackson,217
1554,GA,13,049,13049,Charlton,12
1555,ID,16,023,16023,Butte,2
1556,OK,40,107,40107,Okfuskee,12
1557,MS,28,121,28121,Rankin,152
1558,AR,05,073,05073,Lafayette,6
1559,OK,40,111,40111,Okmulgee,38
1560,MT,30,033,30033,Garfield,1
1561,MS,28,083,28083,Leflore,29
1562,MN,27,109,27109,Olmsted,154
1563,TX,48,425,48425,Somervell,8
1564,MT,30,049,30049,Lewis and Clark,67
1565,GA,13,301,13301,Warren,5
1566,NE,31,155,31155,Saunders,21
1567,MN,27,145,27145,Stearns,157
1568,LA,22,041,22041,Franklin,20
1569,NY,36,045,36045,Jefferson,114
1570,AR,05,115,05115,Pope,63
1571,LA,22,035,22035,East Carroll,7
1572,TX,48,215,48215,Hidalgo,860
1573,IA,19,005,19005,Allamakee,13
1574,MO,29,015,29015,Benton,19
1575,LA,22,045,22045,Iberia,72
1576,NC,37,041,37041,Chowan,14
1577,GA,13,261,13261,Sumter,29
1578,NY,36,075,36075,Oswego,118
1579,TX,48,265,48265,Kerr,51
1580,NC,37,143,37143,Perquimans,13
1581,NV,32,001,32001,Churchill,24
1582,TX,48,233,48233,Hutchinson,21
1583,NC,37,055,37055,Dare,36
1584,NC,37,053,37053,Currituck,26
1585,IN,18,061,18061,Harrison,39
1586,KS,20,063,20063,Gove,2
1587,MO,29,121,29121,Macon,15
1588,ME,23,003,23003,Aroostook,67
1589,GA,13,137,13137,Habersham,44
1590,MA,25,001,25001,Barnstable,213
1591,NY,36,025,36025,Delaware,45
1592,TN,47,183,47183,Weakley,33
1593,MT,30,053,30053,Lincoln,19
1594,TX,48,157,48157,Fort Bend,764
1595,KY,21,069,21069,Fleming,14
1596,MT,30,099,30099,Teton,6
1597,VT,50,025,50025,Windham,42
1598,MA,25,005,25005,Bristol,561
1599,MS,28,049,28049,Hinds,239
1600,MO,29,071,29071,Franklin,103
1601,IL,17,077,17077,Jackson,58
1602,MD,24,003,24003,Anne Arundel,573
1603,FL,12,001,12001,Alachua,266
1604,CA,06,023,06023,Humboldt,136
1605,MO,29,089,29089,Howard,10
1606,GA,13,303,13303,Washington,20
1607,TX,48,345,48345,Motley,1
1608,GA,13,305,13305,Wayne,29
1609,GA,13,311,13311,White,29
1610,GA,13,125,13125,Glascock,3
1611,GA,13,209,13209,Montgomery,9
1612,GA,13,135,13135,Gwinnett,920
1613,OR,41,055,41055,Sherman,1
1614,GA,13,163,13163,Jefferson,15
1615,TX,48,299,48299,Llano,21
1616,VA,51,700,51700,Newport News,179
1617,CT,09,001,09001,Fairfield,949
1618,NY,36,089,36089,St. Lawrence,109
1619,AR,05,005,05005,Baxter,41
1620,NM,35,025,35025,Lea,68
1621,MI,26,141,26141,Presque Isle,12
1622,LA,22,065,22065,Madison,11
1623,CO,08,001,08001,Adams,503
1624,NJ,34,027,34027,Morris,499
1625,TX,48,033,48033,Borden,0
1626,MO,29,157,29157,Perry,19
1627,VA,51,175,51175,Southampton,17
1628,GA,13,001,13001,Appling,18
1629,IL,17,179,17179,Tazewell,133
1630,KS,20,149,20149,Pottawatomie,23
1631,OH,39,069,39069,Henry,27
1632,TX,48,455,48455,Trinity,14
1633,VA,51,053,51053,Dinwiddie,28
1634,NC,37,077,37077,Granville,59
1635,VA,51,067,51067,Franklin,56
1636,KS,20,191,20191,Sumner,23
1637,GA,13,277,13277,Tift,40
1638,PA,42,061,42061,Huntingdon,45
1639,OR,41,037,41037,Lake,7
1640,MO,29,077,29077,Greene,289
1641,OR,41,047,41047,Marion,341
1642,ID,16,067,16067,Minidoka,20
1643,PA,42,067,42067,Juniata,24
1644,IL,17,097,17097,Lake,703
1645,IN,18,161,18161,Union,7
1646,PA,42,071,42071,Lancaster,542
1647,MO,29,221,29221,Washington,25
1648,MO,29,103,29103,Knox,3
1649,MO,29,117,29117,Livingston,15
1650,PA,42,087,42087,Mifflin,46
1651,MN,27,161,27161,Waseca,18
1652,AR,05,123,05123,St. Francis,25
1653,WI,55,079,55079,Milwaukee,952
1654,WI,55,085,55085,Oneida,35
1655,NY,36,119,36119,Westchester,980
1656,LA,22,071,22071,Orleans,393
1657,CO,08,019,08019,Clear Creek,9
1658,OK,40,065,40065,Jackson,25
1659,OK,40,067,40067,Jefferson,6
1660,CO,08,005,08005,Arapahoe,643
1661,TX,48,389,48389,Reeves,15
1662,OK,40,141,40141,Tillman,7
1663,LA,22,075,22075,Plaquemines,23
1664,LA,22,077,22077,Pointe Coupee,22
1665,CO,08,047,08047,Gilpin,6
1666,MO,29,187,29187,St. Francois,66
1667,AL,01,003,01003,Baldwin,212
1668,CT,09,009,09009,New Haven,860
1669,LA,22,011,22011,Beauregard,36
1670,NV,32,510,32510,Carson City,54
1671,NY,36,105,36105,Sullivan,75
1672,VT,50,007,50007,Chittenden,162
1673,CO,08,011,08011,Bent,5
1674,IA,19,153,19153,Polk,481
1675,KY,21,239,21239,Woodford,26
1676,MT,30,107,30107,Wheatland,2
1677,PA,42,019,42019,Butler,187
1678,TN,47,075,47075,Haywood,17
1679,WA,53,049,53049,Pacific,21
1680,VA,51,147,51147,Prince Edward,22
1681,LA,22,053,22053,Jefferson Davis,31
1682,VA,51,149,51149,Prince George,37
1683,MI,26,137,26137,Otsego,24
1684,AL,01,111,01111,Randolph,22
1685,VA,51,153,51153,Prince William,463
1686,AR,05,001,05001,Arkansas,17
1687,MD,24,033,24033,Prince George's,912
1688,LA,22,111,22111,Union,22
1689,NE,31,085,31085,Hayes,0
1690,TX,48,039,48039,Brazoria,362
1691,OH,39,021,39021,Champaign,38
1692,CO,08,061,08061,Kiowa,1
1693,CO,08,065,08065,Lake,7
1694,CO,08,071,08071,Las Animas,14
1695,MI,26,097,26097,Mackinac,10
1696,OR,41,011,41011,Coos,63
1697,CO,08,109,08109,Saguache,6
1698,WI,55,023,55023,Crawford,16
1699,TX,48,061,48061,Cameron,423
1700,TX,48,417,48417,Shackelford,3
1701,LA,22,089,22089,St. Charles,52
1702,OK,40,083,40083,Logan,46
1703,GA,13,241,13241,Rabun,16
1704,AR,05,143,05143,Washington,231
1705,TX,48,261,48261,Kenedy,0
1706,NC,37,169,37169,Stokes,45
1707,TX,48,405,48405,San Augustine,8
1708,TX,48,005,48005,Angelina,87
1709,AR,05,117,05117,Prairie,8
1710,AL,01,127,01127,Walker,64
1711,WA,53,037,53037,Kittitas,46
1712,WI,55,061,55061,Kewaunee,20
1713,MN,27,165,27165,Watonwan,10
1714,CO,08,051,08051,Gunnison,16
1715,FL,12,027,12027,DeSoto,36
1716,KY,21,209,21209,Scott,54
1717,AR,05,131,05131,Sebastian,128
1718,IN,18,153,18153,Sullivan,20
1719,MO,29,069,29069,Dunklin,30
1720,NY,36,019,36019,Clinton,80
1721,VA,51,163,51163,Rockbridge,22
1722,PA,42,043,42043,Dauphin,275
1723,AR,05,021,05021,Clay,14
1724,NE,31,135,31135,Perkins,2
1725,NJ,34,021,34021,Mercer,374
1726,NE,31,139,31139,Pierce,7
1727,AR,05,023,05023,Cleburne,25
1728,ND,38,051,38051,McIntosh,2
1729,OH,39,045,39045,Fairfield,154
1730,OH,39,065,39065,Hardin,31
1731,MO,29,141,29141,Morgan,20
1732,AR,05,029,05029,Conway,20
1733,WY,56,017,56017,Hot Springs,4
1734,NY,36,061,36061,New York,1664
1735,MN,27,089,27089,Marshall,9
1736,SD,46,035,46035,Davison,19
1737,TN,47,025,47025,Claiborne,31
1738,SC,45,029,45029,Colleton,37
1739,FL,12,041,12041,Gilchrist,17
1740,OH,39,115,39115,Morgan,14
1741,MS,28,007,28007,Attala,18
1742,RI,44,009,44009,Washington,126
1743,TX,48,183,48183,Gregg,123
1744,AR,05,033,05033,Crawford,62
1745,PA,42,127,42127,Wayne,51
1746,AR,05,047,05047,Franklin,17
1747,OK,40,049,40049,Garvin,27
1748,AR,05,071,05071,Johnson,26
1749,NY,36,095,36095,Schoharie,31
1750,AR,05,087,05087,Madison,16
1751,TX,48,467,48467,Van Zandt,55
1752,NY,36,091,36091,Saratoga,229
1753,OK,40,109,40109,Oklahoma,787
1754,LA,22,095,22095,St. John the Baptist,43
1755,OK,40,113,40113,Osage,47
1756,NY,36,071,36071,Orange,382
1757,OR,41,017,41017,Deschutes,186
1758,KY,21,185,21185,Oldham,66
1759,AZ,04,003,04003,Cochise,124
1760,IN,18,019,18019,Clark,116
1761,MT,30,051,30051,Liberty,2
1762,NC,37,185,37185,Warren,19
1763,VA,51,191,51191,Washington,54
1764,FL,12,083,12083,Marion,354
1765,NJ,34,035,34035,Somerset,335
1766,KS,20,047,20047,Edwards,2
1767,KY,21,137,21137,Lincoln,24
1768,NE,31,141,31141,Platte,33
1769,ND,38,095,38095,Towner,2
1770,MO,29,143,29143,New Madrid,17
1771,NC,37,021,37021,Buncombe,257
1772,MN,27,085,27085,McLeod,35
1773,NM,35,005,35005,Chaves,64
1774,OH,39,075,39075,Holmes,43
1775,NE,31,167,31167,Stanton,5
1776,NC,37,023,37023,Burke,89
1777,PA,42,109,42109,Snyder,40
1778,NH,33,013,33013,Merrimack,149
1779,MO,29,149,29149,Oregon,10
1780,NJ,34,025,34025,Monmouth,626
1781,PA,42,007,42007,Beaver,166
1782,MO,29,047,29047,Clay,242
1783,PA,42,039,42039,Crawford,86
1784,MO,29,079,29079,Grundy,9
1785,SD,46,137,46137,Ziebach,2
1786,MO,29,165,29165,Platte,101
1787,TX,48,337,48337,Montague,19
1788,UT,49,003,49003,Box Elder,54
1789,TX,48,135,48135,Ector,157
1790,UT,49,015,49015,Emery,10
1791,TX,48,187,48187,Guadalupe,159
1792,TX,48,209,48209,Hays,214
1793,TX,48,293,48293,Limestone,23
1794,OK,40,117,40117,Pawnee,16
1795,LA,22,107,22107,Tensas,4
1796,TN,47,103,47103,Lincoln,33
1797,NY,36,007,36007,Broome,193
1798,VA,51,113,51113,Madison,13
1799,OK,40,005,40005,Atoka,13
1800,NY,36,115,36115,Washington,61
1801,VA,51,137,51137,Orange,36
1802,AL,01,073,01073,Jefferson,659
1803,VA,51,157,51157,Rappahannock,7
1804,OK,40,023,40023,Choctaw,14
1805,OK,40,063,40063,Hughes,13
1806,OK,40,091,40091,McIntosh,19
1807,TX,48,185,48185,Grimes,28
1808,TX,48,179,48179,Gray,22
1809,MI,26,153,26153,Schoolcraft,8
1810,NC,37,071,37071,Gaston,220
1811,NE,31,057,31057,Dundy,1
1812,MO,29,207,29207,Stoddard,29
1813,NJ,34,011,34011,Cumberland,152
1814,AR,05,059,05059,Hot Spring,33
1815,NY,36,085,36085,Richmond,479
1816,VA,51,193,51193,Westmoreland,17
1817,NY,36,111,36111,Ulster,179
1818,AR,05,063,05063,Independence,37
1819,MO,29,029,29029,Camden,45
1820,MO,29,175,29175,Randolph,24
1821,TX,48,199,48199,Hardin,57
1822,ND,38,091,38091,Steele,1
1823,NJ,34,001,34001,Atlantic,269
1824,NC,37,115,37115,Madison,21
1825,PA,42,009,42009,Bedford,48
1826,NY,36,009,36009,Cattaraugus,77
1827,MT,30,067,30067,Park,16
1828,GA,13,185,13185,Lowndes,115
1829,GA,13,107,13107,Emanuel,22
1830,NY,36,103,36103,Suffolk,1492
1831,MT,30,109,30109,Wibaux,1
1832,UT,49,045,49045,Tooele,67
1833,TX,48,323,48323,Maverick,58
1834,VA,51,101,51101,King William,16
1835,WA,53,009,53009,Clallam,75
1836,WA,53,019,53019,Ferry,7
1837,WA,53,051,53051,Pend Oreille,13
1838,WA,53,055,53055,San Juan,16
1839,WA,53,065,53065,Stevens,44
1840,WA,53,073,53073,Whatcom,221
1841,WI,55,009,55009,Brown,262
1842,UT,49,029,49029,Morgan,11
1843,TX,48,225,48225,Houston,23
1844,TX,48,395,48395,Robertson,17
1845,OK,40,061,40061,Haskell,12
1846,VA,51,079,51079,Greene,19
1847,OK,40,079,40079,Le Flore,49
1848,WV,54,053,54053,Mason,26
1849,WV,54,069,54069,Ohio,42
1850,NC,37,039,37039,Cherokee,28
1851,AL,01,025,01025,Clarke,24
1852,AL,01,091,01091,Marengo,19
1853,WV,54,011,54011,Cabell,94
1854,AL,01,065,01065,Hale,14
1855,WV,54,099,54099,Wayne,40
1856,PA,42,133,42133,York,446
1857,MO,29,215,29215,Texas,25
1858,AR,05,075,05075,Lawrence,16
1859,VA,51,570,51570,Colonial Heights,17
1860,AR,05,081,05081,Little River,12
1861,VA,51,590,51590,Danville,41
1862,CA,06,027,06027,Inyo,18
1863,NC,37,097,37097,Iredell,175
1864,NC,37,183,37183,Wake,1072
1865,MI,26,105,26105,Mason,29
1866,NC,37,193,37193,Wilkes,68
1867,NC,37,123,37123,Montgomery,27
1868,CA,06,093,06093,Siskiyou,43
1869,PA,42,033,42033,Clearfield,79
1870,TN,47,141,47141,Putnam,77
1871,FL,12,019,12019,Clay,212
1872,FL,12,029,12029,Dixie,16
1873,GA,13,155,13155,Irwin,9
1874,MS,28,015,28015,Carroll,10
1875,TN,47,051,47051,Franklin,41
1876,ND,38,081,38081,Sargent,3
1877,TN,47,115,47115,Marion,28
1878,KS,20,005,20005,Atchison,16
1879,WA,53,017,53017,Douglas,41
1880,WI,55,071,55071,Manitowoc,79
1881,GA,13,101,13101,Echols,3
1882,VT,50,005,50005,Caledonia,30
1883,VT,50,019,50019,Orleans,26
1884,MS,28,069,28069,Kemper,9
1885,WV,54,037,54037,Jefferson,56
1886,NE,31,107,31107,Knox,8
1887,NV,32,027,32027,Pershing,6
1888,VA,51,820,51820,Waynesboro,22
1889,GA,13,069,13069,Coffee,43
1890,WI,55,029,55029,Door,27
1891,NV,32,019,32019,Lyon,54
1892,LA,22,125,22125,West Feliciana,15
1893,WV,54,057,54057,Mineral,27
1894,VA,51,069,51069,Frederick,86
1895,WV,54,061,54061,Monongalia,105
1896,VA,51,165,51165,Rockingham,80
1897,VA,51,171,51171,Shenandoah,43
1898,MS,28,053,28053,Humphreys,8
1899,MS,28,097,28097,Montgomery,10
1900,MS,28,143,28143,Tunica,10
1901,MO,29,025,29025,Caldwell,9
1902,MO,29,045,29045,Clark,6
1903,MO,29,081,29081,Harrison,8
1904,WV,54,085,54085,Ritchie,9
1905,VA,51,063,51063,Floyd,15
1906,SD,46,091,46091,Marshall,4
1907,MN,27,039,27039,Dodge,20
1908,KY,21,183,21183,Ohio,24
1909,AR,05,125,05125,Saline,119
1910,KY,21,197,21197,Powell,12
1911,KY,21,213,21213,Simpson,18
1912,TN,47,165,47165,Sumner,183
1913,KY,21,225,21225,Union,14
1914,IL,17,039,17039,De Witt,15
1915,IL,17,045,17045,Edgar,17
1916,IL,17,055,17055,Franklin,39
1917,IL,17,061,17061,Greene,13
1918,CA,06,009,06009,Calaveras,45
1919,MN,27,009,27009,Benton,39
1920,ND,38,007,38007,Billings,0
1921,IN,18,035,18035,Delaware,115
1922,KS,20,145,20145,Pawnee,6
1923,OK,40,101,40101,Muskogee,69
1924,LA,22,109,22109,Terrebonne,112
1925,OK,40,135,40135,Sequoyah,41
1926,OR,41,021,41021,Gilliam,1
1927,ND,38,049,38049,McHenry,5
1928,MO,29,183,29183,St. Charles,395
1929,KS,20,071,20071,Greeley,1
1930,DE,10,005,10005,Sussex,225
1931,ID,16,001,16001,Ada,456
1932,AL,01,037,01037,Coosa,10
1933,FL,12,061,12061,Indian River,154
1934,NV,32,021,32021,Mineral,4
1935,IA,19,177,19177,Van Buren,7
1936,NV,32,003,32003,Clark,2204
1937,TX,48,181,48181,Grayson,131
1938,MO,29,189,29189,St. Louis,996
1939,LA,22,033,22033,East Baton Rouge,446
1940,AL,01,005,01005,Barbour,25
1941,AR,05,113,05113,Polk,20
1942,GA,13,021,13021,Bibb,152
1943,AL,01,097,01097,Mobile,413
1944,MI,26,001,26001,Alcona,10
1945,WY,56,043,56043,Washakie,8
1946,WV,54,049,54049,Marion,56
1947,VA,51,015,51015,Augusta,75
1948,WV,54,107,54107,Wood,85
1949,WV,54,105,54105,Wirt,5
1950,TN,47,011,47011,Bradley,105
1951,TN,47,123,47123,Monroe,46
1952,MS,28,051,28051,Holmes,17
1953,VA,51,005,51005,Alleghany,15
1954,TN,47,055,47055,Giles,29
1955,VA,51,017,51017,Bath,4
1956,WV,54,039,54039,Kanawha,183
1957,KY,21,013,21013,Bell,26
1958,KY,21,023,21023,Bracken,8
1959,MN,27,003,27003,Anoka,351
1960,ME,23,031,23031,York,204
1961,KY,21,031,21031,Butler,12
1962,MA,25,009,25009,Essex,785
1963,OR,41,001,41001,Baker,16
1964,TX,48,149,48149,Fayette,25
1965,TN,47,053,47053,Gibson,49
1966,KY,21,007,21007,Ballard,8
1967,SC,45,005,45005,Allendale,9
1968,TN,47,005,47005,Benton,15
1969,NC,37,161,37161,Rutherford,66
1970,IN,18,121,18121,Parke,16
1971,CO,08,049,08049,Grand,15
1972,GA,13,009,13009,Baldwin,44
1973,VA,51,007,51007,Amelia,13
1974,TX,48,271,48271,Kinney,3
1975,AR,05,135,05135,Sharp,17
1976,NC,37,177,37177,Tyrrell,4
1977,CO,08,053,08053,Hinsdale,0
1978,CA,06,115,06115,Yuba,77
1979,GA,13,013,13013,Barrow,79
1980,OH,39,103,39103,Medina,178
1981,IL,17,099,17099,LaSalle,110
1982,CO,08,063,08063,Kit Carson,7
1983,MI,26,145,26145,Saginaw,191
1984,MI,26,147,26147,St. Clair,159
1985,IA,19,111,19111,Lee,34
1986,LA,22,057,22057,Lafourche,98
1987,MI,26,047,26047,Emmet,33
1988,NE,31,039,31039,Cuming,9
1989,IL,17,007,17007,Boone,53
1990,MT,30,005,30005,Blaine,6
1991,MI,26,155,26155,Shiawassee,68
1992,ND,38,041,38041,Hettinger,2
1993,ND,38,053,38053,McKenzie,12
1994,IN,18,009,18009,Blackford,11
1995,WA,53,033,53033,King,2188
1996,MS,28,123,28123,Scott,28
1997,NE,31,065,31065,Furnas,4
1998,OH,39,095,39095,Lucas,430
1999,WA,53,015,53015,Cowlitz,106
2000,AL,01,115,01115,St. Clair,88
2001,OR,41,007,41007,Clatsop,39
2002,FL,12,073,12073,Leon,290
2003,FL,12,075,12075,Levy,40
2004,TN,47,009,47009,Blount,129
2005,TN,47,079,47079,Henry,32
2006,SC,45,009,45009,Bamberg,14
2007,TN,47,021,47021,Cheatham,40
2008,MA,25,023,25023,Plymouth,515
2009,NC,37,087,37087,Haywood,61
2010,TN,47,029,47029,Cocke,35
2011,PA,42,017,42017,Bucks,628
2012,SC,45,019,45019,Charleston,401
2013,TN,47,039,47039,Decatur,11
2014,FL,12,071,12071,Lee,739
2015,KS,20,121,20121,Miami,33
2016,GA,13,285,13285,Troup,69
2017,IN,18,167,18167,Vigo,107
2018,GA,13,025,13025,Brantley,18
2019,VA,51,001,51001,Accomack,32
2020,GA,13,029,13029,Bryan,37
2021,TX,48,289,48289,Leon,17
2022,CA,06,047,06047,Merced,272
2023,ID,16,007,16007,Bear Lake,6
2024,GA,13,031,13031,Bulloch,76
2025,GA,13,033,13033,Burke,22
2026,OH,39,117,39117,Morrow,34
2027,KS,20,153,20153,Rawlins,2
2028,IA,19,139,19139,Muscatine,42
2029,IA,19,163,19163,Scott,172
2030,NV,32,007,32007,Elko,52
2031,WV,54,081,54081,Raleigh,75
2032,NJ,34,037,34037,Sussex,141
2033,NM,35,049,35049,Santa Fe,148
2034,MS,28,057,28057,Itawamba,23
2035,MO,29,111,29111,Lewis,9
2036,MD,24,021,24021,Frederick,252
2037,MN,27,135,27135,Roseau,15
2038,NM,35,017,35017,Grant,27
2039,OK,40,041,40041,Delaware,42
2040,UT,49,047,49047,Uintah,35
2041,ID,16,063,16063,Lincoln,5
2042,FL,12,077,12077,Liberty,8
2043,FL,12,103,12103,Pinellas,970
2044,CA,06,033,06033,Lake,64
2045,FL,12,129,12129,Wakulla,32
2046,GA,13,007,13007,Baker,3
2047,GA,13,087,13087,Decatur,26
2048,GA,13,275,13275,Thomas,44
2049,GA,13,315,13315,Wilcox,8
2050,MS,28,113,28113,Pike,39
2051,MS,28,013,28013,Calhoun,14
2052,MS,28,061,28061,Jasper,16
2053,MS,28,037,28037,Franklin,7
2054,WA,53,041,53041,Lewis,78
2055,SD,46,009,46009,Bon Homme,6
2056,SC,45,035,45035,Dorchester,156
2057,SC,45,021,45021,Cherokee,57
2058,SC,45,025,45025,Chesterfield,45
2059,SD,46,047,46047,Fall River,6
2060,TN,47,071,47071,Hardin,25
2061,SD,46,059,46059,Hand,3
2062,TN,47,163,47163,Sullivan,157
2063,SC,45,031,45031,Darlington,67
2064,SD,46,081,46081,Lawrence,25
2065,TN,47,085,47085,Humphreys,18
2066,IA,19,089,19089,Howard,9
2067,GA,13,037,13037,Calhoun,6
2068,IA,19,093,19093,Ida,6
2069,VA,51,051,51051,Dickenson,14
2070,IL,17,133,17133,Monroe,34
2071,TX,48,361,48361,Orange,85
2072,FL,12,097,12097,Osceola,352
2073,TX,48,367,48367,Parker,133
2074,CA,06,039,06039,Madera,156
2075,VA,51,081,51081,Greensville,11
2076,IL,17,161,17161,Rock Island,144
2077,TX,48,377,48377,Presidio,7
2078,VA,51,083,51083,Halifax,34
2079,IL,17,115,17115,Macon,105
2080,KS,20,015,20015,Butler,66
2081,LA,22,083,22083,Richland,20
2082,MT,30,103,30103,Treasure,0
2083,VA,51,095,51095,James City,75
2084,TX,48,449,48449,Titus,32
2085,SD,46,065,46065,Hughes,17
2086,WV,54,025,54025,Greenbrier,35
2087,CO,08,009,08009,Baca,3
2088,NC,37,049,37049,Craven,102
2089,OH,39,081,39081,Jefferson,66
2090,CO,08,021,08021,Conejos,8
2091,KY,21,111,21111,Jefferson,771
2092,NJ,34,009,34009,Cape May,93
2093,WV,54,075,54075,Pocahontas,8
2094,WV,54,079,54079,Putnam,56
2095,WI,55,137,55137,Waushara,24
2096,FL,12,087,12087,Monroe,77
2097,TX,48,391,48391,Refugio,7
2098,OH,39,151,39151,Stark,372
2099,GA,13,259,13259,Stewart,5
2100,OH,39,067,39067,Harrison,15
2101,OR,41,065,41065,Wasco,26
2102,MN,27,115,27115,Pine,29
2103,GA,13,071,13071,Colquitt,45
2104,SC,45,039,45039,Fairfield,22
2105,MN,27,069,27069,Kittson,4
2106,TX,48,241,48241,Jasper,35
2107,PA,42,035,42035,Clinton,38
2108,TN,47,093,47093,Knox,461
2109,VA,51,087,51087,Henrico,327
2110,WY,56,035,56035,Sublette,9
2111,TX,48,245,48245,Jefferson,256
2112,TN,47,101,47101,Lewis,12
2113,WA,53,005,53005,Benton,198
2114,WA,53,077,53077,Yakima,250
2115,IA,19,143,19143,Osceola,6
2116,CO,08,111,08111,San Juan,0
2117,CO,08,115,08115,Sedgwick,2
2118,CA,06,049,06049,Modoc,8
2119,TX,48,387,48387,Red River,12
2120,TX,48,393,48393,Roberts,0
2121,TX,48,083,48083,Coleman,8
2122,GA,13,015,13015,Bartow,105
2123,CO,08,085,08085,Montrose,41
2124,CA,06,063,06063,Plumas,18
2125,TX,48,403,48403,Sabine,10
2126,FL,12,105,12105,Polk,686
2127,TX,48,443,48443,Terrell,0
2128,GA,13,109,13109,Evans,10
2129,OH,39,123,39123,Ottawa,40
2130,GA,13,173,13173,Lanier,10
2131,ID,16,015,16015,Boise,7
2132,KY,21,211,21211,Shelby,47
2133,MO,29,097,29097,Jasper,120
2134,LA,22,121,22121,West Baton Rouge,26
2135,AL,01,063,01063,Greene,8
2136,AL,01,089,01089,Madison,361
2137,CA,06,103,06103,Tehama,63
2138,IL,17,183,17183,Vermilion,77
2139,NV,32,031,32031,Washoe,460
2140,AL,01,071,01071,Jackson,51
2141,CA,06,057,06057,Nevada,99
2142,CA,06,113,06113,Yolo,219
2143,MI,26,033,26033,Chippewa,37
2144,TX,48,471,48471,Walker,72
2145,OK,40,089,40089,McCurtain,32
2146,WV,54,071,54071,Pendleton,6
2147,FL,12,017,12017,Citrus,145
2148,TN,47,113,47113,Madison,97
2149,SC,45,047,45047,Greenwood,70
2150,WY,56,007,56007,Carbon,15
2151,MN,27,083,27083,Lyon,25
2152,SC,45,049,45049,Hampton,19
2153,TN,47,125,47125,Montgomery,200
2154,UT,49,025,49025,Kane,7
2155,TX,48,251,48251,Johnson,167
2156,MT,30,037,30037,Golden Valley,0
2157,MT,30,045,30045,Judith Basin,1
2158,MT,30,059,30059,Meagher,1
2159,TX,48,035,48035,Bosque,18
2160,SC,45,057,45057,Lancaster,92
2161,GA,13,119,13119,Franklin,22
2162,FL,12,021,12021,Collier,372
2163,FL,12,119,12119,Sumter,125
2164,TX,48,451,48451,Tom Green,118
2165,IL,17,203,17203,Woodford,38
2166,OH,39,157,39157,Tuscarawas,92
2167,IL,17,015,17015,Carroll,14
2168,GA,13,147,13147,Hart,25
2169,OH,39,165,39165,Warren,228
2170,FL,12,011,12011,Broward,1935
2171,OH,39,169,39169,Wayne,116
2172,GA,13,179,13179,Liberty,61
2173,OH,39,033,39033,Crawford,41
2174,FL,12,057,12057,Hillsborough,1408
2175,GA,13,199,13199,Meriwether,21
2176,IN,18,103,18103,Miami,35
2177,CA,06,051,06051,Mono,14
2178,IN,18,109,18109,Morgan,69
2179,IA,19,015,19015,Boone,26
2180,MS,28,089,28089,Madison,104
2181,UT,49,043,49043,Summit,41
2182,SC,45,045,45045,Greenville,506
2183,IA,19,173,19173,Taylor,6
2184,SD,46,085,46085,Lyman,3
2185,KS,20,039,20039,Decatur,2
2186,WI,55,115,55115,Shawano,40
2187,CA,06,083,06083,Santa Barbara,448
2188,MS,28,011,28011,Bolivar,31
2189,ME,23,025,23025,Somerset,50
2190,NJ,34,033,34033,Salem,62
2191,OR,41,019,41019,Douglas,109
2192,LA,22,113,22113,Vermilion,60
2193,AR,05,119,05119,Pulaski,393
2194,NJ,34,031,34031,Passaic,512
2195,ID,16,077,16077,Power,7
2196,PA,42,119,42119,Union,44
2197,TX,48,349,48349,Navarro,48
2198,AR,05,085,05085,Lonoke,72
2199,AR,05,091,05091,Miller,43
2200,WY,56,011,56011,Crook,7
2201,SC,45,061,45061,Lee,17
2202,TX,48,043,48043,Brewster,9
2203,SC,45,067,45067,Marion,31
2204,TN,47,187,47187,Williamson,226
2205,WI,55,095,55095,Polk,43
2206,SC,45,075,45075,Orangeburg,87
2207,WY,56,039,56039,Teton,23
2208,VA,51,059,51059,Fairfax,1148
2209,SC,45,071,45071,Newberry,38
2210,SC,45,087,45087,Union,27
2211,GA,13,215,13215,Muscogee,194
2212,OH,39,063,39063,Hancock,75
2213,OH,39,073,39073,Hocking,28
2214,FL,12,086,12086,Miami-Dade,2751
2215,TX,48,501,48501,Yoakum,8
2216,GA,13,251,13251,Screven,13
2217,TX,48,505,48505,Zapata,14
2218,TX,48,239,48239,Jackson,14
2219,ID,16,073,16073,Owyhee,11
2220,KY,21,071,21071,Floyd,36
2221,IA,19,133,19133,Monona,8
2222,KS,20,043,20043,Doniphan,7
2223,OK,40,057,40057,Harmon,2
2224,ID,16,049,16049,Idaho,16
2225,KS,20,089,20089,Jewell,2
2226,SC,45,091,45091,York,266
2227,MN,27,077,27077,Lake of the Woods,3
2228,ND,38,079,38079,Rolette,14
2229,MT,30,011,30011,Carter,1
2230,KS,20,137,20137,Norton,5
2231,MN,27,127,27127,Redwood,15
2232,WI,55,007,55007,Bayfield,15
2233,WI,55,003,55003,Ashland,15
2234,WI,55,013,55013,Burnett,15
2235,AR,05,049,05049,Fulton,12
2236,FL,12,089,12089,Nassau,82
2237,IA,19,099,19099,Jasper,36
2238,NC,37,175,37175,Transylvania,33
2239,GA,13,253,13253,Seminole,8
2240,MD,24,029,24029,Kent,19
2241,TN,47,031,47031,Coffee,55
2242,SC,45,037,45037,Edgefield,26
2243,AR,05,035,05035,Crittenden,48
2244,VA,51,109,51109,Louisa,35
2245,ID,16,071,16071,Oneida,4
2246,TX,48,273,48273,Kleberg,31
2247,MI,26,089,26089,Leelanau,21
2248,OR,41,025,41025,Harney,7
2249,SC,45,085,45085,Sumter,106
2250,UT,49,033,49033,Rich,2
2251,RI,44,005,44005,Newport,83
2252,WA,53,013,53013,Columbia,4
2253,WI,55,133,55133,Waukesha,400
2254,MT,30,069,30069,Petroleum,0
2255,MT,30,097,30097,Sweet Grass,3
2256,MT,30,093,30093,Silver Bow,34
2257,PA,42,041,42041,Cumberland,250
2258,MO,29,033,29033,Carroll,8
2259,WA,53,025,53025,Grant,95
2260,MT,30,057,30057,Madison,8
2261,GA,13,279,13279,Toombs,26
2262,OK,40,085,40085,Love,10
2263,MD,24,035,24035,Queen Anne's,49
2264,KY,21,085,21085,Grayson,26
2265,ME,23,011,23011,Kennebec,121
2266,IL,17,091,17091,Kankakee,109
2267,IN,18,163,18163,Vanderburgh,181
2268,KY,21,101,21101,Henderson,45
2269,ID,16,003,16003,Adams,4
2270,MN,27,075,27075,Lake,10
2271,AR,05,121,05121,Randolph,17
2272,CO,08,107,08107,Routt,25
2273,WV,54,067,54067,Nicholas,25
2274,WV,54,101,54101,Webster,8
2275,OK,40,019,40019,Carter,48
2276,KY,21,107,21107,Hopkins,45
2277,IL,17,109,17109,McDonough,30
2278,MS,28,137,28137,Tate,28
2279,IL,17,069,17069,Hardin,4
2280,LA,22,005,22005,Ascension,122
2281,IN,18,079,18079,Jennings,27
2282,VA,51,155,51155,Pulaski,34
2283,WV,54,063,54063,Monroe,13
2284,NC,37,145,37145,Person,39
2285,IA,19,107,19107,Keokuk,10
2286,NY,36,005,36005,Bronx,1471
2287,NY,36,031,36031,Essex,37
2288,OK,40,147,40147,Washington,51
2289,OK,40,007,40007,Beaver,5
2290,TX,48,369,48369,Parmer,9
2291,AR,05,097,05097,Montgomery,8
2292,GA,13,263,13263,Talbot,6
2293,NM,35,043,35043,Sandoval,142
2294,IN,18,125,18125,Pike,12
2295,KS,20,069,20069,Gray,5
2296,MN,27,123,27123,Ramsey,547
2297,MT,30,021,30021,Dawson,8
2298,MT,30,017,30017,Custer,11
2299,VT,50,023,50023,Washington,58
2300,TX,48,275,48275,Knox,3
2301,TN,47,159,47159,Smith,19
2302,KS,20,203,20203,Wichita,2
2303,NC,37,051,37051,Cumberland,332
2304,OH,39,083,39083,Knox,61
2305,NH,33,015,33015,Rockingham,306
2306,MO,29,209,29209,Stone,31
2307,VA,51,197,51197,Wythe,28
2308,PA,42,003,42003,Allegheny,1223
2309,TX,48,439,48439,Tarrant,2054
2310,MN,27,051,27051,Grant,5
2311,KY,21,011,21011,Bath,12
2312,KY,21,043,21043,Carter,27
2313,KY,21,035,21035,Calloway,38
2314,SC,45,013,45013,Beaufort,186
2315,WI,55,053,55053,Jackson,20
2316,WY,56,013,56013,Fremont,39
2317,MN,27,137,27137,St. Louis,200
2318,MT,30,083,30083,Richland,11
2319,GA,13,003,13003,Atkinson,8
2320,VT,50,003,50003,Bennington,35
2321,NV,32,013,32013,Humboldt,16
2322,AL,01,029,01029,Cleburne,14
2323,GA,13,239,13239,Quitman,2
2324,TN,47,137,47137,Pickett,5
2325,GA,13,161,13161,Jeff Davis,15
2326,VA,51,049,51049,Cumberland,9
2327,TN,47,109,47109,McNairy,26
2328,NE,31,021,31021,Burt,6
2329,NC,37,139,37139,Pasquotank,39
2330,TX,48,021,48021,Bastrop,84
2331,KY,21,103,21103,Henry,16
2332,GA,13,005,13005,Bacon,11
2333,KY,21,149,21149,McLean,9
2334,TX,48,269,48269,King,0
2335,MI,26,055,26055,Grand Traverse,91
2336,KY,21,175,21175,Morgan,13
2337,UT,49,051,49051,Wasatch,32
2338,PA,42,077,42077,Lehigh,366
2339,TX,48,031,48031,Blanco,11
2340,WI,55,103,55103,Richland,17
2341,WV,54,103,54103,Wetzel,15
2342,WI,55,065,55065,Lafayette,16
2343,WA,53,067,53067,Thurston,280
2344,TX,48,343,48343,Morris,12
2345,WA,53,001,53001,Adams,19
2346,TN,47,171,47171,Unicoi,17
2347,TN,47,059,47059,Greene,68
2348,NY,36,035,36035,Fulton,53
2349,KS,20,021,20021,Cherokee,20
2350,FL,12,123,12123,Taylor,21
2351,FL,12,039,12039,Gadsden,46
2352,MO,29,113,29113,Lincoln,56
2353,TN,47,083,47083,Houston,8
2354,SC,45,043,45043,Georgetown,61
2355,WA,53,039,53039,Klickitat,21
2356,SC,45,051,45051,Horry,333
2357,WY,56,015,56015,Goshen,13
2358,WY,56,023,56023,Lincoln,19
2359,SC,45,089,45089,Williamsburg,31
2360,MO,29,031,29031,Cape Girardeau,78
2361,MO,29,059,29059,Dallas,16
2362,NE,31,169,31169,Thayer,5
2363,NE,31,031,31031,Cherry,5
2364,PA,42,065,42065,Jefferson,43
2365,MO,29,099,29099,Jefferson,223
2366,NC,37,003,37003,Alexander,37
2367,MO,29,019,29019,Boone,178
2368,TX,48,419,48419,Shelby,25
2369,CA,06,089,06089,Shasta,179
2370,MT,30,111,30111,Yellowstone,158
2371,NC,37,073,37073,Gates,11
2372,NY,36,087,36087,Rockland,328
2373,VA,51,740,51740,Portsmouth,94
2374,MO,29,123,29123,Madison,12
2375,TX,48,489,48489,Willacy,21
2376,MT,30,089,30089,Sanders,11
2377,NY,36,043,36043,Herkimer,62
2378,NY,36,113,36113,Warren,64
2379,MN,27,019,27019,Carver,102
2380,KS,20,057,20057,Ford,34
2381,UT,49,007,49007,Carbon,20
2382,NC,37,131,37131,Northampton,19
2383,IN,18,099,18099,Marshall,46
2384,OR,41,053,41053,Polk,83
2385,TX,48,325,48325,Medina,50
2386,IL,17,195,17195,Whiteside,56
2387,AZ,04,019,04019,Pima,1022
2388,TN,47,061,47061,Grundy,13
2389,IL,17,185,17185,Wabash,11
2390,MI,26,021,26021,Berrien,154
2391,MN,27,171,27171,Wright,134
2392,WI,55,063,55063,La Crosse,118
2393,AZ,04,015,04015,Mohave,207
2394,MO,29,155,29155,Pemiscot,16
2395,IL,17,169,17169,Schuyler,7
2396,OK,40,123,40123,Pontotoc,38
2397,WI,55,109,55109,St. Croix,88
2398,AL,01,051,01051,Elmore,81
2399,LA,22,059,22059,LaSalle,14
2400,SD,46,069,46069,Hyde,1
2401,AL,01,123,01123,Tallapoosa,40
2402,CA,06,069,06069,San Benito,60
2403,MS,28,075,28075,Lauderdale,76
2404,NE,31,037,31037,Colfax,10
2405,TX,48,213,48213,Henderson,81
2406,LA,22,055,22055,Lafayette,242
2407,OH,39,023,39023,Clark,134
2408,NY,36,047,36047,Kings,2648
2409,NM,35,037,35037,Quay,8
2410,NY,36,059,36059,Nassau,1369
2411,GA,13,271,13271,Telfair,15
2412,SC,45,041,45041,Florence,138
2413,ND,38,089,38089,Stark,30
2414,KS,20,009,20009,Barton,26
2415,OR,41,035,41035,Klamath,66
2416,FL,12,111,12111,St. Lucie,313
2417,GA,13,141,13141,Hancock,8
2418,ID,16,031,16031,Cassia,23
2419,OK,40,029,40029,Coal,5
2420,CA,06,067,06067,Sacramento,1530
2421,MD,24,001,24001,Allegany,71
2422,MS,28,043,28043,Grenada,21
2423,WV,54,033,54033,Harrison,67
2424,MS,28,099,28099,Neshoba,29
2425,CO,08,003,08003,Alamosa,16
2426,WV,54,055,54055,Mercer,59
2427,MS,28,017,28017,Chickasaw,17
2428,WV,54,043,54043,Lincoln,20
2429,MN,27,159,27159,Wadena,13
2430,CO,08,057,08057,Jackson,1
2431,PA,42,055,42055,Franklin,154
2432,CA,06,071,06071,San Bernardino,2157
2433,CO,08,031,08031,Denver,704
2434,OK,40,033,40033,Cotton,5
2435,ME,23,029,23029,Washington,31
2436,CO,08,117,08117,Summit,30
2437,NM,35,029,35029,Luna,24
2438,OK,40,071,40071,Kay,44
2439,WV,54,027,54027,Hampshire,23
2440,MS,28,055,28055,Issaquena,1
2441,VA,51,019,51019,Bedford,77
2442,KY,21,207,21207,Russell,17
2443,KY,21,053,21053,Clinton,10
2444,IA,19,083,19083,Hardin,17
2445,AL,01,035,01035,Conecuh,12
2446,AZ,04,005,04005,Coconino,140
2447,NJ,34,029,34029,Ocean,597
2448,KY,21,217,21217,Taylor,25
2449,TX,48,161,48161,Freestone,19
2450,IN,18,173,18173,Warrick,62
2451,ID,16,055,16055,Kootenai,157
2452,IL,17,105,17105,Livingston,36
2453,CO,08,069,08069,Larimer,343
2454,IL,17,149,17149,Pike,15
2455,GA,13,051,13051,Chatham,290
2456,OH,39,147,39147,Seneca,55
2457,CA,06,105,06105,Trinity,12
2458,OH,39,163,39163,Vinton,13
2459,GA,13,183,13183,Long,19
2460,GA,13,237,13237,Putnam,21
2461,TX,48,249,48249,Jim Wells,40
2462,OK,40,055,40055,Greer,5
2463,TX,48,297,48297,Live Oak,12
2464,ME,23,021,23021,Piscataquis,16
2465,TX,48,409,48409,San Patricio,67
2466,WA,53,007,53007,Chelan,76
2467,FL,12,063,12063,Jackson,48
2468,OK,40,127,40127,Pushmataha,11
2469,TX,48,295,48295,Lipscomb,3
2470,TX,48,487,48487,Wilbarger,12
2471,GA,13,017,13017,Ben Hill,16
2472,VA,51,027,51027,Buchanan,21
2473,WI,55,039,55039,Fond du Lac,102
2474,KY,21,079,21079,Garrard,17
2475,LA,22,117,22117,Washington,46
2476,LA,22,051,22051,Jefferson,439
2477,VA,51,177,51177,Spotsylvania,133
2478,MI,26,143,26143,Roscommon,23
2479,NY,36,093,36093,Schenectady,155
2480,CT,09,005,09005,Litchfield,182
2481,FL,12,037,12037,Franklin,11
2482,MS,28,033,28033,DeSoto,178
2483,GA,13,045,13045,Carroll,117
2484,IN,18,093,18093,Lawrence,45
2485,IN,18,077,18077,Jefferson,32
2486,OK,40,097,40097,Mayes,40
2487,KS,20,019,20019,Chautauqua,3
2488,NE,31,103,31103,Keya Paha,0
2489,LA,22,119,22119,Webster,39
2490,KS,20,113,20113,McPherson,28
2491,OH,39,047,39047,Fayette,28
2492,GA,13,257,13257,Stephens,25
2493,NC,37,141,37141,Pender,60
2494,NC,37,031,37031,Carteret,68
2495,NH,33,005,33005,Cheshire,75
2496,GA,13,297,13297,Walton,91
2497,GA,13,169,13169,Jones,28
2498,AR,05,107,05107,Phillips,18
2499,PA,42,049,42049,Erie,274
2500,TX,48,141,48141,El Paso,840
2501,UT,49,019,49019,Grand,9
2502,WA,53,043,53043,Lincoln,10
2503,MS,28,067,28067,Jones,67
2504,MT,30,073,30073,Pondera,5
2505,NV,32,023,32023,Nye,44
2506,ID,16,037,16037,Custer,4
2507,MI,26,043,26043,Dickinson,25
2508,OH,39,133,39133,Portage,162
2509,MS,28,073,28073,Lamar,61
2510,KY,21,139,21139,Livingston,9
2511,OR,41,043,41043,Linn,125
2512,MI,26,117,26117,Montcalm,63
2513,SC,45,033,45033,Dillon,30
2514,KS,20,175,20175,Seward,22
2515,SC,45,069,45069,Marlboro,26
2516,KY,21,045,21045,Casey,15
2517,WI,55,113,55113,Sawyer,16
2518,ND,38,063,38063,Nelson,2
2519,FL,12,023,12023,Columbia,69
2520,MI,26,061,26061,Houghton,36
2521,TX,48,309,48309,McLennan,251
2522,WI,55,041,55041,Forest,8
2523,AL,01,113,01113,Russell,57
2524,MN,27,169,27169,Winona,50
2525,WA,53,047,53047,Okanogan,41
2526,TX,48,259,48259,Kendall,44
2527,IN,18,145,18145,Shelby,44
2528,OH,39,113,39113,Montgomery,531
2529,CT,09,011,09011,New London,269
2530,CA,06,003,06003,Alpine,1
2531,IA,19,023,19023,Butler,14
2532,IL,17,037,17037,DeKalb,104
2533,AR,05,065,05065,Izard,13
2534,MN,27,067,27067,Kandiyohi,42
2535,OK,40,073,40073,Kingfisher,15
2536,SC,45,053,45053,Jasper,28
2537,TN,47,073,47073,Hawkins,56
2538,MT,30,031,30031,Gallatin,107
2539,MA,25,021,25021,Norfolk,700
2540,KY,21,151,21151,Madison,91
2541,PA,42,081,42081,Lycoming,113
2542,IA,19,127,19127,Marshall,40
2543,OK,40,131,40131,Rogers,91
2544,GA,13,079,13079,Crawford,12
2545,MI,26,111,26111,Midland,83
2546,WI,55,017,55017,Chippewa,63
2547,NJ,34,007,34007,Camden,510
2548,GA,13,115,13115,Floyd,97
2549,CO,08,093,08093,Park,17
2550,LA,22,123,22123,West Carroll,10
2551,CA,06,109,06109,Tuolumne,54
2552,NH,33,003,33003,Carroll,48
2553,CA,06,045,06045,Mendocino,88
2554,LA,22,025,22025,Catahoula,9
2555,IN,18,159,18159,Tipton,15
2556,SD,46,025,46025,Clark,3
2557,NE,31,015,31015,Boyd,1
2558,KY,21,029,21029,Bullitt,80
2559,VA,51,790,51790,Staunton,24
2560,NE,31,049,31049,Deuel,1
2561,NY,36,015,36015,Chemung,85
2562,NE,31,109,31109,Lancaster,314
2563,IL,17,123,17123,Marshall,11
2564,GA,13,299,13299,Ware,35
2565,OH,39,139,39139,Richland,120
2566,KS,20,081,20081,Haskell,4
2567,GA,13,319,13319,Wilkinson,8
2568,IL,17,199,17199,Williamson,67
2569,TX,48,155,48155,Foard,1
2570,AL,01,109,01109,Pike,33
2571,OH,39,111,39111,Monroe,13
2572,NE,31,055,31055,Douglas,561
2573,MT,30,087,30087,Rosebud,9
2574,ME,23,017,23017,Oxford,57
2575,MN,27,061,27061,Itasca,45
2576,IN,18,017,18017,Cass,37
2577,WV,54,017,54017,Doddridge,8
2578,SD,46,083,46083,Lincoln,56
2579,AL,01,027,01027,Clay,13
2580,OH,39,077,39077,Huron,58
2581,VA,51,105,51105,Lee,23
2582,CA,06,011,06011,Colusa,21
2583,IN,18,053,18053,Grant,66
2584,KS,20,079,20079,Harvey,34
2585,NC,37,001,37001,Alamance,162
2586,PA,42,011,42011,Berks,417
2587,SD,46,109,46109,Roberts,10
2588,WY,56,027,56027,Niobrara,2
2589,MN,27,025,27025,Chisago,55
2590,NE,31,161,31161,Sheridan,5
2591,CA,06,015,06015,Del Norte,27
2592,CA,06,095,06095,Solano,445
2593,VA,51,195,51195,Wise,38
2594,CO,08,015,08015,Chaffee,19
2595,MS,28,149,28149,Warren,46
2596,TX,48,327,48327,Menard,2
2597,MO,29,179,29179,Reynolds,6
2598,MT,30,063,30063,Missoula,117
2599,AR,05,015,05015,Carroll,27
2600,PA,42,089,42089,Monroe,168
2601,LA,22,097,22097,St. Landry,83
2602,MS,28,063,28063,Jefferson,7
2603,TX,48,473,48473,Waller,51
2604,NC,37,069,37069,Franklin,66
2605,ND,38,023,38023,Divide,2
2606,UT,49,053,49053,Washington,165
2607,MI,26,023,26023,Branch,43
2608,IA,19,063,19063,Emmet,9
2609,UT,49,011,49011,Davis,347
2610,ND,38,035,38035,Grand Forks,70
2611,KY,21,201,21201,Robertson,2
2612,TX,48,009,48009,Archer,8
2613,WV,54,001,54001,Barbour,16
2614,MN,27,081,27081,Lincoln,5
2615,SC,45,081,45081,Saluda,20
2616,WA,53,071,53071,Walla Walla,60
2617,IN,18,119,18119,Owen,20
2618,NC,37,009,37009,Ashe,26
2619,MA,25,003,25003,Berkshire,126
2620,CO,08,113,08113,San Miguel,7
2621,WY,56,031,56031,Platte,8
2622,MO,29,167,29167,Polk,31
2623,ID,16,005,16005,Bannock,85
2624,WA,53,021,53021,Franklin,92
2625,MA,25,015,25015,Hampshire,161
2626,IL,17,201,17201,Winnebago,284
2627,OK,40,103,40103,Noble,11
2628,LA,22,047,22047,Iberville,33
2629,MN,27,049,27049,Goodhue,46
2630,MI,26,015,26015,Barry,60
2631,IL,17,001,17001,Adams,66
2632,MI,26,109,26109,Menominee,23
2633,VA,51,091,51091,Highland,2
2634,CO,08,089,08089,Otero,18
2635,KY,21,087,21087,Green,11
2636,MO,29,173,29173,Ralls,10
2637,NE,31,117,31117,McPherson,0
2638,TN,47,057,47057,Grainger,23
2639,WV,54,077,54077,Preston,33
2640,VA,51,169,51169,Scott,21
2641,KS,20,177,20177,Shawnee,178
2642,NE,31,175,31175,Valley,4
2643,CO,08,017,08017,Cheyenne,1
2644,KY,21,077,21077,Gallatin,8
2645,MO,29,087,29087,Holt,4
2646,OH,39,009,39009,Athens,66
2647,NC,37,099,37099,Jackson,42
2648,WV,54,045,54045,Logan,32
2649,AL,01,129,01129,Washington,16
2650,WV,54,041,54041,Lewis,16
2651,FL,12,079,12079,Madison,18
2652,WV,54,035,54035,Jackson,28
2653,AL,01,079,01079,Lawrence,33
2654,FL,12,059,12059,Holmes,19
2655,FL,12,113,12113,Santa Rosa,174
2656,MS,28,025,28025,Clay,19
2657,MN,27,029,27029,Clearwater,8
2658,KS,20,091,20091,Johnson,591
2659,FL,12,093,12093,Okeechobee,41
2660,TX,48,503,48503,Young,17
2661,AR,05,077,05077,Lee,9
2662,WI,55,021,55021,Columbia,57
2663,KS,20,103,20103,Leavenworth,81
2664,FL,12,133,12133,Washington,24
2665,ND,38,047,38047,Logan,1
2666,KS,20,201,20201,Washington,5
2667,WI,55,123,55123,Vernon,30
2668,TX,48,441,48441,Taylor,136
2669,NY,36,001,36001,Albany,309
2670,OH,39,039,39039,Defiance,38
2671,FL,12,065,12065,Jefferson,14
2672,KY,21,163,21163,Meade,28
2673,MS,28,101,28101,Newton,21
2674,AL,01,099,01099,Monroe,21
2675,GA,13,121,13121,Fulton,1041
2676,GA,13,265,13265,Taliaferro,1
2677,NY,36,051,36051,Livingston,63
2678,MI,26,069,26069,Iosco,25
2679,FL,12,053,12053,Hernando,186
2680,WI,55,135,55135,Waupaca,51
2681,TX,48,049,48049,Brown,38
2682,NE,31,143,31143,Polk,5
2683,ME,23,013,23013,Knox,39
2684,MN,27,167,27167,Wilkin,6
2685,NM,35,023,35023,Hidalgo,4
2686,OR,41,063,41063,Wallowa,7
2687,AR,05,079,05079,Lincoln,13
2688,IL,17,139,17139,Moultrie,14
2689,MS,28,107,28107,Panola,33
2690,MI,26,053,26053,Gogebic,15
2691,NH,33,011,33011,Hillsborough,409
2692,AZ,04,007,04007,Gila,53
2693,KY,21,049,21049,Clark,36
2694,NC,37,045,37045,Cleveland,97
2695,TX,48,457,48457,Tyler,21
2696,OR,41,049,41049,Morrow,11
2697,SD,46,107,46107,Potter,2
2698,IL,17,013,17013,Calhoun,4
2699,MN,27,139,27139,Scott,145
2700,NE,31,131,31131,Otoe,16
2701,PA,42,051,42051,Fayette,131
2702,CO,08,073,08073,Lincoln,5
2703,MS,28,077,28077,Lawrence,12
2704,NC,37,163,37163,Sampson,63
2705,TN,47,019,47019,Carter,56
2706,OH,39,031,39031,Coshocton,36
2707,MA,25,019,25019,Nantucket,11
2708,ID,16,033,16033,Clark,0
2709,NM,35,003,35003,Catron,3
2710,IN,18,015,18015,Carroll,20
2711,VA,51,133,51133,Northumberland,12
2712,MI,26,063,26063,Huron,31
2713,TX,48,189,48189,Hale,34
2714,TN,47,089,47089,Jefferson,53
2715,GA,13,149,13149,Heard,11
2716,TX,48,447,48447,Throckmorton,1
2717,AL,01,077,01077,Lauderdale,92
2718,PA,42,073,42073,Lawrence,87
2719,NM,35,011,35011,De Baca,1
2720,IA,19,097,19097,Jackson,19
2721,VA,51,125,51125,Nelson,14
2722,NE,31,137,31137,Phelps,9
2723,IL,17,047,17047,Edwards,6
2724,MI,26,039,26039,Crawford,13
2725,NY,36,033,36033,Franklin,51
2726,LA,22,039,22039,Evangeline,33
2727,IL,17,079,17079,Jasper,9
2728,IL,17,103,17103,Lee,34
2729,GA,13,171,13171,Lamar,18
2730,IA,19,013,19013,Black Hawk,132
2731,TX,48,101,48101,Cottle,1
2732,MN,27,063,27063,Jackson,9
2733,KY,21,055,21055,Crittenden,9
2734,GA,13,165,13165,Jenkins,8
2735,SD,46,015,46015,Brule,5
2736,IN,18,043,18043,Floyd,77
2737,NE,31,061,31061,Franklin,2
2738,KY,21,057,21057,Cumberland,6
2739,TX,48,125,48125,Dickens,2
2740,OK,40,149,40149,Washita,11
2741,PA,42,015,42015,Bradford,60
2742,KY,21,155,21155,Marion,19
2743,ND,38,099,38099,Walsh,10
2744,KY,21,231,21231,Wayne,20
2745,AR,05,069,05069,Jefferson,69
2746,IL,17,073,17073,Henry,49
2747,NE,31,113,31113,Logan,0
2748,SC,45,055,45055,Kershaw,65
2749,TX,48,479,48479,Webb,274
2750,MO,29,185,29185,St. Clair,9
2751,CA,06,035,06035,Lassen,31
2752,ID,16,043,16043,Fremont,13
2753,MT,30,071,30071,Phillips,4
2754,RI,44,003,44003,Kent,163
2755,IN,18,071,18071,Jackson,43
2756,KY,21,179,21179,Nelson,45
2757,MO,29,021,29021,Buchanan,89
2758,TN,47,013,47013,Campbell,39
2759,SD,46,043,46043,Douglas,2
2760,IN,18,021,18021,Clay,26
2761,OH,39,167,39167,Washington,60
2762,OH,39,107,39107,Mercer,40
2763,UT,49,001,49001,Beaver,6
2764,MS,28,059,28059,Jackson,142
2765,GA,13,059,13059,Clarke,127
2766,TX,48,481,48481,Wharton,41
2767,VA,51,650,51650,Hampton,134
2768,TX,48,329,48329,Midland,165
2769,KS,20,179,20179,Sheridan,2
2770,VA,51,595,51595,Emporia,5
2771,NE,31,149,31149,Rock,1
2772,SD,46,115,46115,Spink,6
2773,OH,39,149,39149,Shelby,48
2774,NE,31,183,31183,Wheeler,0
2775,WV,54,019,54019,Fayette,43
2776,MN,27,059,27059,Isanti,39
2777,TX,48,435,48435,Sutton,3
2778,KY,21,161,21161,Mason,17
2779,ID,16,047,16047,Gooding,15
2780,SD,46,127,46127,Union,15
2781,TN,47,015,47015,Cannon,14
2782,WI,55,139,55139,Winnebago,170
2783,NE,31,083,31083,Harlan,3
2784,NY,36,117,36117,Wayne,90
2785,TX,48,013,48013,Atascosa,48
2786,OR,41,071,41071,Yamhill,105
2787,NM,35,015,35015,Eddy,56
2788,KY,21,073,21073,Franklin,50
2789,TX,48,341,48341,Moore,22
2790,KY,21,097,21097,Harrison,18
2791,IA,19,187,19187,Webster,36
2792,KS,20,023,20023,Cheyenne,2
2793,IL,17,165,17165,Saline,24
2794,KS,20,017,20017,Chase,2
2795,TX,48,107,48107,Crosby,5
2796,MI,26,067,26067,Ionia,64
2797,MI,26,073,26073,Isabella,71
2798,MT,30,007,30007,Broadwater,5
2799,TX,48,331,48331,Milam,25
2800,WY,56,005,56005,Campbell,46
2801,GA,13,295,13295,Walker,68
2802,MO,29,169,29169,Pulaski,52
2803,TN,47,177,47177,Warren,40
2804,SD,46,123,46123,Tripp,5
2805,AL,01,033,01033,Colbert,54
2806,TX,48,373,48373,Polk,49
2807,WV,54,023,54023,Grant,11
2808,FL,12,007,12007,Bradford,27
2809,GA,13,145,13145,Harris,33
2810,ID,16,057,16057,Latah,39
2811,MI,26,157,26157,Tuscola,52
2812,NC,37,013,37013,Beaufort,47
2813,TX,48,423,48423,Smith,227
2814,NY,36,049,36049,Lewis,26
2815,OK,40,021,40021,Cherokee,48
2816,ND,38,013,38013,Burke,2
2817,VA,51,041,51041,Chesterfield,343
2818,MI,26,161,26161,Washtenaw,367
2819,KY,21,063,21063,Elliott,7
2820,TX,48,231,48231,Hunt,93
2821,IN,18,113,18113,Noble,47
2822,KY,21,195,21195,Pike,58
2823,CA,06,061,06061,Placer,386
2824,GA,13,291,13291,Union,23
2825,OH,39,127,39127,Perry,36
2826,TX,48,121,48121,Denton,836
2827,NC,37,095,37095,Hyde,5
2828,IN,18,095,18095,Madison,129
2829,PA,42,095,42095,Northampton,303
2830,KY,21,199,21199,Pulaski,64
2831,NE,31,047,31047,Dawson,23
2832,NY,36,081,36081,Queens,2358
2833,MI,26,071,26071,Iron,11
2834,TX,48,267,48267,Kimble,4
2835,TX,48,371,48371,Pecos,15
2836,OH,39,043,39043,Erie,74
2837,NC,37,067,37067,Forsyth,376
2838,MN,27,041,27041,Douglas,37
2839,SD,46,077,46077,Kingsbury,4
2840,WI,55,097,55097,Portage,70
2841,VA,51,159,51159,Richmond,8
2842,PA,42,085,42085,Mercer,111
2843,MI,26,113,26113,Missaukee,14
2844,MI,26,025,26025,Calhoun,134
2845,KS,20,185,20185,Stafford,4
2846,AL,01,069,01069,Houston,104
2847,ID,16,081,16081,Teton,11
2848,GA,13,127,13127,Glynn,85
2849,NC,37,119,37119,Mecklenburg,1076
2850,ND,38,093,38093,Stutsman,21
2851,TX,48,491,48491,Williamson,547
2852,IA,19,009,19009,Audubon,5
2853,NE,31,025,31025,Cass,25
2854,ND,38,087,38087,Slope,0
2855,PA,42,117,42117,Tioga,40
2856,GA,13,077,13077,Coweta,143
2857,IN,18,183,18183,Whitley,33
2858,NE,31,121,31121,Merrick,7
2859,TX,48,191,48191,Hall,3
2860,SD,46,053,46053,Gregory,4
2861,AR,05,145,05145,White,79
2862,WI,55,035,55035,Eau Claire,103
2863,ND,38,001,38001,Adams,2
2864,AL,01,061,01061,Geneva,26
2865,MI,26,159,26159,Van Buren,75
2866,NE,31,043,31043,Dakota,20
2867,PA,42,111,42111,Somerset,74
2868,IL,17,151,17151,Pope,4
2869,OK,40,025,40025,Cimarron,2
2870,VA,51,161,51161,Roanoke,93
2871,GA,13,247,13247,Rockdale,90
2872,MT,30,027,30027,Fergus,11
2873,TX,48,169,48169,Garza,6
2874,SD,46,135,46135,Yankton,22
2875,VA,51,057,51057,Essex,11
2876,MS,28,071,28071,Lafayette,54
2877,KS,20,173,20173,Sedgwick,513
2878,CO,08,029,08029,Delta,30
2879,NC,37,187,37187,Washington,12
2880,IN,18,157,18157,Tippecanoe,190
2881,MT,30,003,30003,Big Horn,13
2882,OK,40,095,40095,Marshall,16
2883,MT,30,085,30085,Roosevelt,11
2884,IL,17,043,17043,DuPage,930
2885,FL,12,035,12035,Flagler,110
2886,GA,13,151,13151,Henry,225
2887,AR,05,103,05103,Ouachita,23
2888,MS,28,047,28047,Harrison,205
2889,TX,48,465,48465,Val Verde,49
2890,TX,48,243,48243,Jeff Davis,2
2891,MN,27,023,27023,Chippewa,11
2892,SD,46,057,46057,Hamlin,5
2893,LA,22,099,22099,St. Martin,54
2894,PA,42,105,42105,Potter,16
2895,VA,51,011,51011,Appomattox,15
2896,IN,18,011,18011,Boone,65
2897,MN,27,087,27087,Mahnomen,5
2898,MO,29,083,29083,Henry,21
2899,TX,48,315,48315,Marion,10
2900,VA,51,187,51187,Warren,39
2901,WA,53,035,53035,Kitsap,266
2902,GA,13,201,13201,Miller,5
2903,NE,31,171,31171,Thomas,0
2904,IN,18,101,18101,Martin,10
2905,MO,29,161,29161,Phelps,44
2906,KS,20,059,20059,Franklin,25
2907,IN,18,023,18023,Clinton,32
2908,MS,28,079,28079,Leake,22
2909,NC,37,113,37113,Macon,34
2910,MO,29,105,29105,Laclede,35
2911,AL,01,015,01015,Calhoun,114
2912,CA,06,007,06007,Butte,229
2913,IN,18,013,18013,Brown,15
2914,MN,27,053,27053,Hennepin,1252
2915,NY,36,123,36123,Yates,24
2916,TX,48,333,48333,Mills,4
2917,TN,47,131,47131,Obion,30
2918,NE,31,177,31177,Washington,20
2919,FL,12,125,12125,Union,15
2920,OH,39,161,39161,Van Wert,28
2921,CO,08,099,08099,Prowers,12
2922,MS,28,027,28027,Coahoma,23
2923,NC,37,005,37005,Alleghany,11
2924,WA,53,057,53057,Skagit,125
2925,IL,17,021,17021,Christian,33
2926,CA,06,019,06019,Fresno,989
2927,IA,19,019,19019,Buchanan,21
2928,NC,37,155,37155,Robeson,132
2929,CA,06,077,06077,San Joaquin,745
2930,KY,21,159,21159,Martin,11
2931,MO,29,186,29186,Ste. Genevieve,17
2932,NE,31,069,31069,Garden,1
2933,TX,48,197,48197,Hardeman,3
2934,AR,05,083,05083,Logan,21
2935,UT,49,039,49039,Sanpete,30
2936,MN,27,065,27065,Kanabec,16
2937,ME,23,005,23005,Cumberland,292
2938,TX,48,317,48317,Martin,5
2939,MO,29,061,29061,Daviess,8
2940,KY,21,237,21237,Wolfe,7
2941,PA,42,013,42013,Blair,123
2942,MT,30,077,30077,Powell,6
2943,MN,27,101,27101,Murray,8
2944,MN,27,147,27147,Steele,36
2945,CO,08,101,08101,Pueblo,166
2946,WI,55,059,55059,Kenosha,168
2947,WI,55,131,55131,Washington,135
2948,NE,31,163,31163,Sherman,3
2949,CA,06,005,06005,Amador,38
2950,TX,48,415,48415,Scurry,17
2951,MI,26,045,26045,Eaton,109
2952,SD,46,049,46049,Faulk,2
2953,GA,13,269,13269,Taylor,8
2954,NC,37,157,37157,Rockingham,90
2955,IL,17,095,17095,Knox,50
2956,OH,39,125,39125,Paulding,18
2957,OK,40,099,40099,Murray,13
2958,MN,27,157,27157,Wabasha,21
2959,IL,17,155,17155,Putnam,5
2960,TX,48,117,48117,Deaf Smith,18
2961,KS,20,135,20135,Ness,2
2962,KS,20,099,20099,Labette,20
2963,WI,55,101,55101,Racine,196
2964,NY,36,109,36109,Tompkins,104
2965,MO,29,127,29127,Marion,28
2966,TN,47,077,47077,Henderson,27
2967,VA,51,199,51199,York,67
2968,AL,01,013,01013,Butler,19
2969,GA,13,067,13067,Cobb,755
2970,MD,24,027,24027,Howard,321
2971,OK,40,153,40153,Woodward,20
2972,UT,49,031,49031,Piute,1
2973,AZ,04,012,04012,La Paz,20
2974,ID,16,039,16039,Elmore,26
2975,MS,28,135,28135,Tallahatchie,14
2976,KY,21,017,21017,Bourbon,20
2977,CA,06,091,06091,Sierra,2
2978,IL,17,031,17031,Cook,5211
2979,NY,36,027,36027,Dutchess,295
2980,TX,48,001,48001,Anderson,57
2981,SC,45,017,45017,Calhoun,14
2982,PA,42,029,42029,Chester,519
2983,UT,49,021,49021,Iron,51
2984,MT,30,095,30095,Stillwater,9
2985,TN,47,155,47155,Sevier,97
2986,TX,48,037,48037,Bowie,94
2987,VA,51,089,51089,Henry,51
2988,MA,25,011,25011,Franklin,70
2989,VT,50,009,50009,Essex,6
2990,MT,30,013,30013,Cascade,81
2991,IL,17,181,17181,Union,17
2992,MO,29,101,29101,Johnson,53
2993,TN,47,111,47111,Macon,24
2994,OH,39,037,39037,Darke,51
2995,MO,29,085,29085,Hickory,9
2996,NC,37,173,37173,Swain,14
2997,OK,40,081,40081,Lincoln,35
2998,IN,18,117,18117,Orange,19
2999,IL,17,163,17163,St. Clair,262
3000,MO,29,225,29225,Webster,38
3001,VA,51,025,51025,Brunswick,16
3002,MO,29,027,29027,Callaway,45
3003,NE,31,013,31013,Box Butte,10
3004,PA,42,099,42099,Perry,46
3005,NC,37,033,37033,Caswell,22
3006,NM,35,007,35007,Colfax,12
3007,OH,39,017,39017,Butler,380
3008,VA,51,117,51117,Mecklenburg,30
3009,WY,56,033,56033,Sheridan,30
3010,AL,01,105,01105,Perry,9
3011,AZ,04,013,04013,Maricopa,4307
3012,KY,21,177,21177,Muhlenberg,30
3013,MI,26,093,26093,Livingston,189
3014,NE,31,159,31159,Seward,17
3015,MO,29,073,29073,Gasconade,14
3016,OK,40,037,40037,Creek,71
3017,PA,42,063,42063,Indiana,84
3018,TX,48,453,48453,Travis,1226
3019,SD,46,089,46089,McPherson,2
3020,TX,48,365,48365,Panola,23
3021,CA,06,101,06101,Sutter,96
3022,KS,20,027,20027,Clay,7
3023,MI,26,125,26125,Oakland,1250
3024,ND,38,077,38077,Richland,16
3025,TX,48,499,48499,Wood,44
3026,WI,55,117,55117,Sheboygan,115
3027,CA,06,079,06079,San Luis Obispo,283
3028,IN,18,073,18073,Jasper,33
3029,CO,08,123,08123,Weld,304
3030,KY,21,061,21061,Edmonson,12
3031,NE,31,077,31077,Greeley,2
3032,DE,10,003,10003,New Castle,559
3033,MA,25,027,25027,Worcester,826
3034,ME,23,015,23015,Lincoln,34
3035,VA,51,143,51143,Pittsylvania,61
3036,MO,29,107,29107,Lafayette,32
3037,MO,29,133,29133,Mississippi,13
3038,AR,05,019,05019,Clark,22
3039,SD,46,093,46093,Meade,28
3040,ND,38,027,38027,Eddy,2
3041,MA,25,007,25007,Dukes,17
3042,AR,05,139,05139,Union,39
3043,NC,37,019,37019,Brunswick,130
3044,GA,13,011,13011,Banks,18
3045,CO,08,077,08077,Mesa,151
3046,GA,13,195,13195,Madison,29
3047,GA,13,283,13283,Treutlen,6
3048,WI,55,073,55073,Marathon,135
3049,AL,01,001,01001,Autauga,55
3050,NE,31,029,31029,Chase,3
3051,KS,20,143,20143,Ottawa,5
3052,CA,06,055,06055,Napa,140
3053,OK,40,137,40137,Stephens,43
3054,TX,48,063,48063,Camp,12
3055,VA,51,045,51045,Craig,5
3056,WV,54,021,54021,Gilmer,8
3057,TX,48,227,48227,Howard,36
3058,VA,51,085,51085,Hanover,105
3059,SD,46,129,46129,Walworth,5
3060,CO,08,067,08067,La Plata,55
3061,OH,39,159,39159,Union,56
3062,PA,42,005,42005,Armstrong,65
3063,KY,21,089,21089,Greenup,35
3064,GA,13,293,13293,Upson,26
3065,AR,05,017,05017,Chicot,10
3066,CO,08,023,08023,Costilla,3
3067,ID,16,029,16029,Caribou,7
3068,MN,27,163,27163,Washington,256
3069,MN,27,011,27011,Big Stone,5
3070,AZ,04,025,04025,Yavapai,228
3071,OK,40,045,40045,Ellis,3
3072,IN,18,127,18127,Porter,168
3073,CA,06,001,06001,Alameda,1663
3074,ID,16,059,16059,Lemhi,7
3075,MD,24,013,24013,Carroll,167
3076,ND,38,059,38059,Morton,30
3077,VA,51,107,51107,Loudoun,398
3078,MD,24,031,24031,Montgomery,1058
3079,NC,37,167,37167,Stanly,61
3080,TX,48,109,48109,Culberson,2
3081,KY,21,109,21109,Jackson,13
3082,VA,51,077,51077,Grayson,15
3083,KS,20,109,20109,Logan,2
3084,IL,17,125,17125,Mason,13
3085,OH,39,137,39137,Putnam,33
3086,CO,08,039,08039,Elbert,25
3087,OH,39,153,39153,Summit,541
3088,GA,13,139,13139,Hall,199
3089,TX,48,469,48469,Victoria,92
3090,OH,39,035,39035,Cuyahoga,1248
3091,TX,48,351,48351,Newton,13
3092,AL,01,117,01117,Shelby,213
3093,IL,17,153,17153,Pulaski,5
3094,OH,39,001,39001,Adams,27
3095,GA,13,167,13167,Johnson,9
3096,OK,40,119,40119,Payne,81
3097,IA,19,065,19065,Fayette,19
3098,NM,35,013,35013,Doa Ana,215
3099,WV,54,007,54007,Braxton,14
3100,MI,26,099,26099,Macomb,871
3101,VA,51,115,51115,Mathews,8
3102,NV,32,005,32005,Douglas,48
3103,MO,29,163,29163,Pike,18
3104,IA,19,079,19079,Hamilton,15
3105,IA,19,027,19027,Carroll,20
3106,GA,13,073,13073,Columbia,151
